imdb_id,title,original_title,is_adult,year_of_release,runtime,genres
tt0054098,Mughal-E-Azam,Mughal-E-Azam,0,1960,197,Drama|Romance|War
tt0096775,Agneekaal,Agneekaal,0,1990,161,Action|Crime|Drama
tt0098461,Thanedaar,Thanedaar,0,1990,151,Action|Crime|Drama
tt0098975,Aadhi Haqeeqat Aadha Fasana,Aadhi Haqeeqat Aadha Fasana,0,1990,88,Documentary
tt0098976,Aaj Ka Arjun,Aaj Ka Arjun,0,1990,164,Action|Crime|Drama
tt0098999,Agneepath,Agneepath,0,1990,174,Action|Crime|Drama
tt0099025,Amba,Amba,0,1990,153,Family
tt0099076,Awaargi,Awaargi,0,1990,149,Drama
tt0099080,Baaghi: A Rebel for Love,Baaghi: A Rebel for Love,0,1990,157,Action|Romance
tt0099081,Baap Numbri Beta Dus Numbri,Baap Numbri Beta Dus Numbri,0,1990,152,Action|Comedy|Crime
tt0099429,Dil,Dil,0,1990,172,Comedy|Drama|Romance
tt0099467,Drishti,Drishti,0,1990,171,Drama
tt0099651,Ghar Ho To Aisa,Ghar Ho To Aisa,0,1990,155,Drama
tt0099652,Ghayal,Ghayal,0,1990,163,Action|Crime|Drama
tt0099869,Izzatdaar,Izzatdaar,0,1990,172,Action|Crime|Drama
tt0099916,Kali Ganga,Kali Ganga,0,1990,\N,Action
tt0099929,Khilaaf,Khilaaf,0,1991,\N,Action|Comedy|Crime
tt0099943,Kishen Kanhaiya,Kishen Kanhaiya,0,1990,160,Action|Comedy|Drama
tt0100092,Maha-Sangram,Maha-Sangram,0,1990,159,Action|Drama|Romance
tt0100384,Police Public,Police Public,0,1990,127,Crime|Thriller
tt0100401,Pratibandh,Pratibandh,0,1990,159,Action|Drama
tt0100539,Sailaab,Sailaab,0,1990,\N,Drama|Romance
tt0101244,100 Days,100 Days,0,1991,161,Horror|Romance|Thriller
tt0101283,Ajooba,Ajooba,0,1991,178,Action|Adventure|Comedy
tt0101284,Akayla,Akayla,0,1991,180,Action|Drama|Thriller
tt0101432,Benaam Badsha,Benaam Badsha,0,1991,\N,Action|Crime|Drama
tt0101616,Coolie No. 1,Coolie No. 1,0,1995,143,Comedy
tt0101733,Dil Hai Ki Manta Nahin,Dil Hai Ki Manta Nahin,0,1991,154,Adventure|Comedy|Drama
tt0101742,Deewana Mujh Sa Nahin,Deewana Mujh Sa Nahin,0,1990,130,Comedy|Drama|Romance
tt0101887,First Love Letter,First Love Letter,0,1991,165,Romance
tt0102071,Hum,Hum,0,1991,184,Action|Crime|Drama
tt0102073,Humlaa,Humlaa,0,1992,\N,Action|Drama
tt0102119,Indrajeet,Indrajeet,0,1991,\N,Action|Drama
tt0102148,Jamai Raja,Jamai Raja,0,1990,\N,Drama|Romance
tt0102160,Jigarwala,Jigarwala,0,1991,132,Action|Drama
tt0102191,Kasba,Kasba,0,1991,121,Drama
tt0102200,Khel,Khel,0,1992,152,Comedy|Drama|Romance
tt0102201,Khoon Ka Karz,Khoon Ka Karz,0,1991,151,Action|Crime|Drama
tt0102258,Lamhe,Lamhe,0,1991,187,Drama|Musical|Romance
tt0102513,Narasimha,Narasimha,0,1991,214,Action|Drama
tt0102515,Nazar,Nazar,0,1990,124,Drama
tt0102645,Patthar Ke Phool,Patthar Ke Phool,0,1991,155,Action|Drama|Romance
tt0102701,Prahaar: The Final Attack,Prahaar: The Final Attack,0,1991,166,Action|Crime|Drama
tt0102702,Pratigyabadh,Pratigyabadh,0,1991,125,Drama
tt0102706,Prem Qaidi,Prem Qaidi,0,1991,156,Action|Romance
tt0102746,Kurbaan,Kurbaan,0,1991,\N,Action|Drama|Romance
tt0102825,Saajan,Saajan,0,1991,181,Drama|Musical|Romance
tt0102835,Sanam Bewafa,Sanam Bewafa,0,1991,160,Drama|Romance
tt0102844,Saudagar,Saudagar,0,1991,213,Action|Drama|Family
tt0102846,Saugandh,Saugandh,0,1991,153,Action|Drama|Romance
tt0103304,Yeh Aag Kab Bujhegi,Yeh Aag Kab Bujhegi,0,1991,\N,Drama
tt0103689,Angaar,Angaar,0,1992,176,Action|Crime|Drama
tt0103763,Balwaan,Balwaan,0,1992,142,Action|Adventure
tt0104072,Deedar,Deedar,0,1992,130,Drama|Romance
tt0104548,Jeevan Ek Sanghursh,Jeevan Ek Sanghursh,0,1990,159,Drama|Family
tt0104561,Jo Jeeta Wohi Sikandar,Jo Jeeta Wohi Sikandar,0,1992,174,Comedy|Drama|Romance
tt0104607,Khuda Gawah,Khuda Gawah,0,1992,193,Action|Adventure|Drama
tt0104645,Kshatriya,Kshatriya,0,1993,187,Action|Drama|War
tt0104660,Laat Saab,Laat Saab,0,1992,126,Action|Crime|Drama
tt0104854,Mere Sajana Saath Nibhana,Mere Sajana Saath Nibhana,0,1992,141,Drama|Musical
tt0104927,Mr. Bond,Mr. Bond,0,1992,127,Action|Adventure|Thriller
tt0104941,Muqabla,Muqabla,0,1993,162,Action|Crime|Drama
tt0105007,Nishchaiy,Nishchaiy,0,1992,146,Action|Drama|Romance
tt0105161,Pratikar,Pratikar,0,1991,150,Action|Crime|Drama
tt0105166,Prem Deewane,Prem Deewane,0,1992,160,Action|Adventure|Drama
tt0105209,Radha Ka Sangam,Radha Ka Sangam,0,1992,\N,Action|Drama|Romance
tt0105271,Roja,Roja,0,1992,137,Drama|Romance|Thriller
tt0105313,Sangeet,Sangeet,0,1992,144,Drama|Romance
tt0105315,Sapne Saajan Ke,Sapne Saajan Ke,0,1992,162,Drama|Romance
tt0105500,Suryavanshi,Suryavanshi,0,1992,161,Fantasy|Horror
tt0105515,Tadipaar,Tadipaar,0,1993,134,Action|Drama
tt0105762,Virodhi,Virodhi,0,1992,143,Drama
tt0105866,Yalgaar,Yalgaar,0,1992,192,Action|Drama|Thriller
tt0105897,Zindagi Ek Juaa,Zindagi Ek Juaa,0,1992,\N,Action
tt0106203,Aaina,Aaina,0,1993,149,Drama|Romance
tt0106204,Aankhen,Aankhen,0,1993,170,Action|Comedy|Crime
tt0106205,Aasoo Bane Angaarey,Aasoo Bane Angaarey,0,1993,150,Action
tt0106206,Aashik Aawara,Aashik Aawara,0,1993,\N,Drama
tt0106221,Aadmi Khilona Hai,Aadmi Khilona Hai,0,1993,158,Drama|Romance
tt0106270,Anari,Anari,0,1993,171,Comedy|Drama|Romance
tt0106287,Anmol,Anmol,0,1993,163,Drama|Family|Romance
tt0106333,Baazigar,Baazigar,0,1993,175,Crime|Drama|Musical
tt0106408,Bhaji on the Beach,Bhaji on the Beach,0,1993,101,Comedy|Drama
tt0106541,Chandra Mukhi,Chandra Mukhi,0,1993,152,Comedy|Fantasy|Romance
tt0106653,Dalaal,Dalaal,0,1993,160,Action|Drama
tt0106655,Damini,Damini,0,1993,175,Crime|Drama
tt0106725,Dil Tera Aashiq,Dil Tera Aashiq,0,1993,151,Comedy|Drama|Romance
tt0106799,Ek Hi Raasta,Ek Hi Raasta,0,1993,130,Action|Thriller
tt0106986,Gardish,Gardish,0,1993,153,Action|Crime|Drama
tt0107060,Gumrah,Gumrah,0,1993,149,Action|Crime|Drama
tt0107166,Hum Hain Rahi Pyar Ke,Hum Hain Rahi Pyar Ke,0,1993,163,Comedy|Drama|Family
tt0107199,In Custody,In Custody,0,1994,126,Comedy|Drama
tt0107311,Khal Nayak,Khal Nayak,0,1993,190,Action|Adventure|Crime
tt0107321,King Uncle,King Uncle,0,1993,171,Comedy|Drama|Family
tt0107440,Lootere,Lootere,0,1993,156,Action|Romance|Thriller
tt0107820,Phool,Phool,0,1993,\N,Romance
tt0107821,Phool Aur Angaar,Phool Aur Angaar,0,1993,146,Action|Drama
tt0107867,Prateeksha,Prateeksha,0,1993,\N,Action|Crime
tt0107986,Roop Ki Rani Choron Ka Raja,Roop Ki Rani Choron Ka Raja,0,1993,190,Action|Drama|Musical
tt0108001,Rudaali,Rudaali,0,1993,128,Drama
tt0108023,Sahibaan,Sahibaan,0,1993,133,Drama|Romance
tt0108109,Shatranj,Shatranj,0,1993,\N,Comedy|Drama|Romance
tt0108144,Sir,Sir,0,1993,151,Crime|Drama
tt0108256,The Seventh Horse of the Sun,Suraj Ka Satvan Ghoda,0,1992,130,Drama|Romance
tt0109010,1942: A Love Story,1942: A Love Story,0,1994,157,Action|Drama|Musical
tt0109031,Aazmayish,Aazmayish,0,1995,147,Drama
tt0109091,Amaanat,Amaanat,0,1994,140,Action|Drama
tt0109116,Andaz,Andaz,0,1994,167,Action|Comedy|Drama
tt0109117,Everyone Has Their Own Style,Andaz Apna Apna,0,1994,160,Comedy|Family|Romance
tt0109134,Anjaam,Anjaam,0,1994,170,Drama|Thriller
tt0109206,Bandit Queen,Bandit Queen,0,1994,119,Biography|Crime|Drama
tt0109246,Beta Ho To Aisa,Beta Ho To Aisa,0,1994,\N,Drama
tt0109325,Brahma,Brahma,0,1994,\N,Crime|Drama|Mystery
tt0109391,Chaand Kaa Tukdaa,Chaand Kaa Tukdaa,0,1994,\N,Action|Comedy|Crime
tt0109555,Darr,Darr,0,1993,178,Drama|Romance|Thriller
tt0109710,Eena Meena Deeka,Eena Meena Deeka,0,1994,133,Action|Comedy|Crime
tt0109922,Gopi Kishan,Gopi Kishan,0,1994,\N,Action|Comedy|Drama
tt0110076,Hum Aapke Hain Koun...!,Hum Aapke Hain Koun...!,0,1994,206,Comedy|Drama|Musical
tt0110105,Ikke Pe Ikka,Ikke Pe Ikka,0,1994,134,Action|Comedy
tt0110140,Insaniyat,Insaniyat,0,1994,180,Action|Crime|Drama
tt0110177,Jai Kishen,Jai Kishen,0,1994,129,Action|Drama
tt0110222,Kabhi Haan Kabhi Naa,Kabhi Haan Kabhi Naa,0,1994,158,Comedy|Drama|Music
tt0110254,Khuddar,Khuddar,0,1994,\N,Action|Drama|Musical
tt0110280,Krantiveer,Krantiveer,0,1994,159,Action|Crime|Drama
tt0110438,Main Khiladi Tu Anari,Main Khiladi Tu Anari,0,1994,175,Action|Comedy|Drama
tt0110449,Mammo,Mammo,0,1994,130,Drama
tt0110546,Mohra,Mohra,0,1994,177,Action|Drama|Thriller
tt0110584,Mr. Azaad,Mr. Azaad,0,1994,123,Action|Comedy|Drama
tt0110794,Patang,Patang,0,1993,100,Drama
tt0110795,Pathreela Raasta,Pathreela Raasta,0,1994,\N,Action
tt0110881,Paramaatma,Paramaatma,0,1994,152,Action|Drama|Fantasy
tt0110942,Raja Babu,Raja Babu,0,1994,161,Action|Comedy|Drama
tt0111067,Sangdil Sanam,Sangdil Sanam,0,1994,\N,Drama|Romance
tt0111068,Sangharsh,Sangharsh,0,1999,127,Action|Drama|Thriller
tt0111303,Stunttman,Stunttman,0,1994,\N,Action|Drama|Romance
tt0111308,Suhaag,Suhaag,0,1994,145,Action|Comedy|Drama
tt0111384,Teesra Kaun?,Teesra Kaun?,0,1994,160,Comedy|Thriller
tt0111537,Udhaar Ki Zindagi,Udhaar Ki Zindagi,0,1994,\N,Drama
tt0111625,Vijaypath,Vijaypath,0,1994,163,Action|Drama
tt0111780,Yaar Gaddar,Yaar Gaddar,0,1994,155,Action|Drama
tt0111793,Yeh Dillagi,Yeh Dillagi,0,1994,155,Comedy|Drama|Musical
tt0111793,Yeh Dillagi,Yeh Dillagi,0,1994,155,Comedy|Drama|Musical
tt0112269,Aao Pyaar Karen,Aao Pyaar Karen,0,1994,141,Romance
tt0112272,Ab Insaf Hoga,Ab Insaf Hoga,0,1995,125,Action|Drama
tt0112308,Agnichakra,Agnichakra,0,1997,123,Action
tt0112309,Ahankaar,Ahankaar,0,1995,145,Drama
tt0112313,Akele Hum Akele Tum,Akele Hum Akele Tum,0,1995,160,Drama|Romance
tt0112359,Andolan,Andolan,0,1995,165,Action|Comedy|Drama
tt0112459,Barsaat,Barsaat,0,1995,166,Action|Romance
tt0112485,Betaaj Badshah,Betaaj Badshah,0,1994,166,Action
tt0112738,Criminal,Criminal,0,1995,123,Action|Romance|Thriller
tt0112870,Dilwale Dulhania Le Jayenge,Dilwale Dulhania Le Jayenge,0,1995,189,Drama|Romance
tt0112876,Diya Aur Toofan,Diya Aur Toofan,0,1995,\N,Action|Crime|Drama
tt0112884,The Don,The Don,0,1995,135,Crime|Drama
tt0112916,Dushmani: A Violent Love Story,Dushmani: A Violent Love Story,0,1995,156,Action|Drama|Romance
tt0113185,God and Gun,God and Gun,0,1995,\N,Drama
tt0113237,Gunehgar,Gunehgar,0,1995,125,Drama
tt0113455,Jallaad,Jallaad,0,1995,144,Action|Drama
tt0113457,Janam Kundli,Janam Kundli,0,1995,\N,Drama
tt0113526,Karan Arjun,Karan Arjun,0,1995,175,Action|Comedy|Fantasy
tt0113528,Kartavya,Kartavya,0,1995,\N,Action|Drama|Thriller
tt0113822,Milan,Milan,0,1995,\N,Action|Crime|Romance
tt0113913,Naajayaz,Naajayaz,0,1995,157,Action|Drama
tt0113933,Naaraaz,Naaraaz,0,1994,128,Action|Crime|Drama
tt0114031,Oh Darling Yeh Hai India,Oh Darling Yeh Hai India,0,1995,160,Comedy
tt0114153,Policewala Gunda,Policewala Gunda,0,1995,146,Action
tt0114175,Prem,Prem,0,1995,167,Action|Drama|Romance
tt0114230,Raja,Raja,0,1995,168,Action|Drama|Romance
tt0114231,Ram Jaane,Ram Jaane,0,1995,122,Action|Crime|Drama
tt0114232,Ram Shastra,Ram Shastra,0,1995,\N,Action|Drama
tt0114234,Rangeela,Rangeela,0,1995,142,Comedy|Drama|Musical
tt0114236,Ravan Raaj: A True Story,Ravan Raaj: A True Story,0,1995,153,Action|Crime|Thriller
tt0114316,Saajan Ki Baahon Mein,Saajan Ki Baahon Mein,0,1995,\N,Drama|Family|Romance
tt0114317,Sabse Bada Khiladi,Sabse Bada Khiladi,0,1995,162,Action|Crime|Thriller
tt0114337,Sarhad: The Border of Crime,Sarhad: The Border of Crime,0,1995,\N,Action|Crime|Drama
tt0114615,Taqdeerwala,Taqdeerwala,0,1995,162,Action|Comedy|Fantasy
tt0114618,Target,Target,0,1995,122,Drama
tt0114726,Trimurti,Trimurti,0,1995,187,Action|Drama
tt0115009,Yaraana,Yaraana,0,1995,125,Action|Drama|Musical
tt0115019,Yeh Majhdhaar,Yeh Majhdhaar,0,1996,139,Drama|Romance
tt0115042,Zamaana Deewana,Zamaana Deewana,0,1995,162,Action|Comedy|Drama
tt0115484,Agni Sakshi,Agni Sakshi,0,1996,142,Drama|Musical|Romance
tt0115541,Angaara,Angaara,0,1996,127,Action|Crime
tt0115558,Apne Dam Par,Apne Dam Par,0,1996,155,Action|Drama
tt0115568,Army,Army,0,1996,153,Action|Drama
tt0115616,Bal Bramhachari,Bal Bramhachari,0,1996,163,Drama
tt0115620,Bandish,Bandish,0,1996,\N,Comedy|Drama|Romance
tt0115668,Bhishma,Bhishma,0,1996,\N,Action|Mystery
tt0116024,Daraar,Daraar,0,1996,105,Action|Drama|Romance
tt0116035,Dastak,Dastak,0,1996,141,Drama|Romance
tt0116153,Dushman Duniya Ka,Dushman Duniya Ka,0,1996,153,Drama
tt0116308,Fire,Fire,0,1996,108,Drama|Romance
tt0116391,Gang,Gang,0,2000,152,Action|Crime|Drama
tt0116407,Ghatak: Lethal,Ghatak: Lethal,0,1996,158,Action|Drama|Thriller
tt0116690,Jeet,Jeet,0,1996,180,Action|Drama|Romance
tt0116726,Jung,Jung,0,1996,146,Action|Crime|Drama
tt0116730,Jurmana,Jurmana,0,1996,134,Action
tt0116737,Kabhi Na Kabhi,Kabhi Na Kabhi,0,1998,157,Action|Crime|Romance
tt0116763,Khamoshi: The Musical,Khamoshi: The Musical,0,1996,159,Drama|Musical|Romance
tt0116898,Loafer,Loafer,0,1996,160,Action|Comedy|Drama
tt0116950,Maachis,Maachis,0,1996,160,Action|Crime|Drama
tt0117099,Mr. Bechara,Mr. Bechara,0,1996,140,Comedy
tt0117111,Muqaddar,Muqaddar,0,1996,\N,Crime
tt0117186,Nirbhay,Nirbhay,0,1996,135,Action|Thriller
tt0117374,PremGranth,PremGranth,0,1996,156,Drama|Musical|Romance
tt0117436,Rajkumar,Rajkumar,0,1996,\N,Drama|Family|Fantasy
tt0117437,Raja Hindustani,Raja Hindustani,0,1996,165,Action|Comedy|Drama
tt0117470,Return of Jewel Thief,Return of Jewel Thief,0,1996,159,Crime|Thriller
tt0117623,Shastra,Shastra,0,1996,144,Action|Drama
tt0117672,Smuggler,Smuggler,0,1996,\N,Action|Crime
tt0117878,Tere Mere Sapne,Tere Mere Sapne,0,1996,146,Action|Comedy|Drama
tt0117983,Tu Chor Main Sipahi,Tu Chor Main Sipahi,0,1996,153,Action|Comedy|Drama
tt0118525,...Aur Pyaar Ho Gaya,...Aur Pyaar Ho Gaya,0,1997,147,Comedy|Drama|Musical
tt0118546,Aar Ya Paar,Aar Ya Paar,0,1997,180,Thriller
tt0118578,Albela,Albela,0,2001,145,Drama|Romance
tt0118654,Aunty No. 1,Aunty No. 1,0,1998,160,Comedy|Drama|Romance
tt0118660,Auzaar,Auzaar,0,1997,127,Action|Drama|Musical
tt0118673,Bade Miyan Chote Miyan,Bade Miyan Chote Miyan,0,1998,140,Action|Comedy|Musical
tt0118680,Banarasi Babu,Banarasi Babu,0,1997,126,Comedy
tt0118849,Children of Heaven,Bacheha-Ye aseman,0,1997,89,Drama|Family|Sport
tt0118931,Daud: Fun on the Run,Daud: Fun on the Run,0,1997,180,Action|Adventure|Comedy
tt0118957,Deewana Mastana,Deewana Mastana,0,1997,140,Comedy|Romance
tt0118983,Dil To Pagal Hai,Dil To Pagal Hai,0,1997,179,Comedy|Drama|Musical
tt0119234,Gudia,Gudia,0,1997,139,Drama
tt0119239,Gupt: The Hidden Truth,Gupt: The Hidden Truth,0,1997,173,Action|Crime|Drama
tt0119285,Hero No. 1,Hero No. 1,0,1997,134,Comedy|Drama|Musical
tt0119295,Himalay Putra,Himalay Putra,0,1997,\N,Drama|Romance
tt0119427,Judaai,Judaai,0,1997,167,Drama|Romance
tt0119428,Twins,Judwaa,0,1997,138,Action|Comedy|Drama
tt0119491,Lahoo Ke Do Rang,Lahoo Ke Do Rang,0,1997,172,Action|Drama
tt0119596,Maharaja,Maharaja,0,1998,164,Adventure|Family|Fantasy
tt0119720,Death Sentence,The Death Sentence: Mrityu Dand,0,1997,150,Action|Drama
tt0119721,Mrityudaata,Mrityudaata,0,1997,158,Action|Drama|Musical
tt0119760,Naseeb,Naseeb,0,1997,138,Comedy|Drama|Romance
tt0119861,Pardes,Pardes,0,1997,191,Drama|Musical|Romance
tt0119862,Pardesi Babu,Pardesi Babu,0,1998,\N,Action|Comedy|Drama
tt0120117,Shikari,Shikari,0,2000,160,Drama|Thriller
tt0120456,Virasat,Virasat,0,1997,165,Drama|Family|Musical
tt0120540,Yes Boss,Yes Boss,0,1997,163,Comedy|Drama|Musical
tt0120545,Yugpurush: A Man Who Comes Just Once in a Way,Yugpurush: A Man Who Comes Just Once in a Way,0,1998,\N,Drama
tt0120551,Ziddi,Ziddi,0,1997,170,Action|Drama
tt0121232,Dulaara,Dulaara,0,1994,\N,Crime|Mystery|Thriller
tt0121352,Henna,Henna,0,1991,180,Drama|Musical|Romance
tt0121659,Professor Ki Padosan,Professor Ki Padosan,0,1994,138,Comedy
tt0121989,Baazi,Baazi,0,1995,183,Action|Crime|Drama
tt0122173,Mere Sapno Ki Rani,Mere Sapno Ki Rani,0,1997,\N,Drama|Musical|Romance
tt0122233,Melody,Saaz,0,1997,148,Drama|Musical
tt0126234,Chamatkar,Chamatkar,0,1992,171,Comedy|Drama|Fantasy
tt0126871,Deewana,Deewana,0,1992,185,Action|Comedy|Crime
tt0127289,Sixth Happiness,Sixth Happiness,0,1997,97,Drama
tt0130197,Prithvi,Prithvi,0,1997,136,Action|Mystery
tt0130348,Vinashak - Destroyer,Vinashak - Destroyer,0,1998,159,Action|Crime|Drama
tt0130350,Vishwatma,Vishwatma,0,1992,174,Action|Drama|Thriller
tt0133024,Ishq,Ishq,0,1997,161,Action|Comedy|Drama
tt0135140,Anth,Anth,0,1994,136,Action
tt0135161,Bhai,Bhai,0,1997,147,Action|Drama
tt0135393,Dhaal: The Battle of Law Against Law,Dhaal: The Battle of Law Against Law,0,1997,148,Action|Drama
tt0135515,Krishna,Krishna,0,1996,156,Action|Drama|Romance
tt0135621,Rakshak,Rakshak,0,1996,164,Action|Thriller
tt0135641,Sapoot,Sapoot,0,1996,158,Action|Crime|Drama
tt0135666,Takkar,Takkar,0,1995,143,Action|Crime|Drama
tt0136153,English Babu Desi Mem,English Babu Desi Mem,0,1996,170,Comedy|Drama|Musical
tt0136352,Koyla,Koyla,0,1997,166,Action|Drama|Musical
tt0137100,Maya,Maya,0,1993,130,Drama|Mystery|Romance
tt0149568,Aa Ab Laut Chalen,Aa Ab Laut Chalen,0,1999,177,Drama|Musical|Romance
tt0149573,Romance,Aashiqui,0,1990,152,Drama|Musical|Romance
tt0149609,Aisi Bhi Kya Jaldi Hai,Aisi Bhi Kya Jaldi Hai,0,1996,\N,Comedy|Romance
tt0149850,Bewaffa Se Waffa,Bewaffa Se Waffa,0,1992,172,Romance
tt0150992,Hum Dil De Chuke Sanam,Hum Dil De Chuke Sanam,0,1999,188,Comedy|Drama|Musical
tt0151090,Jaan,Jaan,0,1996,170,Action|Romance
tt0151150,Josh,Josh,0,2000,162,Action|Drama|Musical
tt0152278,Sanam,Sanam,0,1997,152,Action|Drama|Romance
tt0152836,Taal,Taal,0,1999,179,Musical|Romance
tt0154183,First Rank,Awwal Number,0,1990,150,Action|Drama|Sport
tt0154720,Kasak,Kasak,0,1992,150,Drama|Romance
tt0154992,Parda Hai Parda,Parda Hai Parda,0,1992,128,Romance
tt0155073,Pyar Ka Karz,Pyar Ka Karz,0,1990,161,Drama
tt0155075,The Melody of Love,Pyaar Ka Tarana,0,1993,136,Drama|Musical
tt0155147,Sau Crore,Sau Crore,0,1991,158,Mystery|Thriller
tt0155499,Antarnaad,Antarnaad,0,1991,160,Drama
tt0156585,Gunaah,Gunaah,0,1993,117,Action|Thriller
tt0156658,Junoon,Junoon,0,1992,123,Horror|Thriller
tt0156659,Jurm,Jurm,0,1990,103,Action|Crime|Romance
tt0156891,Phir Teri Kahani Yaad Aayee,Phir Teri Kahani Yaad Aayee,0,1993,105,Drama|Romance
tt0156982,Saathi,Saathi,0,1991,175,Action|Romance
tt0156985,Sadak,Sadak,0,1991,134,Action|Drama|Romance
tt0157003,Saatwan Aasman,Saatwan Aasman,0,1992,130,Drama
tt0162480,Mr. & Mrs. Khiladi,Mr. & Mrs. Khiladi,0,1997,133,Comedy|Drama|Romance
tt0164538,Dil Se..,Dil Se..,0,1998,163,Drama|Romance
tt0164538,Dil Se..,Dil Se..,0,1998,163,Drama|Romance
tt0164550,Duplicate,Duplicate,0,1998,164,Action|Comedy|Crime
tt0169102,Lagaan: Once Upon a Time in India,Lagaan: Once Upon a Time in India,0,2001,224,Adventure|Drama|Musical
tt0169102,Lagaan: Once Upon a Time in India,Lagaan: Once Upon a Time in India,0,2001,224,Adventure|Drama|Musical
tt0170416,Shikari: The Hunter,Shikari: The Hunter,0,1991,\N,Action|Adventure
tt0170704,Train to Pakistan,Train to Pakistan,0,1998,111,Drama|War
tt0172089,Aatank Hi Aatank,Aatank Hi Aatank,0,1995,155,Action|Crime|Drama
tt0172163,Bambai Ka Babu,Bambai Ka Babu,0,1996,\N,Action
tt0172170,Bekhudi,Bekhudi,0,1992,140,Action|Crime|Drama
tt0172175,Bhabhi,Bhabhi,0,1991,145,Comedy|Drama|Family
tt0172188,Bol Radha Bol,Bol Radha Bol,0,1992,164,Action|Comedy|Drama
tt0172234,Chaahat,Chaahat,0,1996,151,Drama|Romance
tt0172487,The Gentleman,The Gentleman,0,1994,161,Action|Drama
tt0172488,Ghar Ki Izzat,Ghar Ki Izzat,0,1994,\N,Comedy|Musical|Romance
tt0172519,Guddu,Guddu,0,1995,160,Drama|Romance
tt0172534,Hameshaa,Hameshaa,0,1997,141,Action|Drama|Romance
tt0172574,Hulchul,Hulchul,0,1995,152,Action|Comedy|Crime
tt0172617,Izzat Ki Roti,Izzat Ki Roti,0,1993,\N,Drama
tt0172622,Zahreelay,Zahreelay,0,1990,163,Action
tt0172646,Karz Chukana Hai,Karz Chukana Hai,0,1991,\N,Drama
tt0172684,Kuch Kuch Hota Hai,Kuch Kuch Hota Hai,0,1998,177,Comedy|Drama|Musical
tt0172704,Lal Baadshah,Lal Baadshah,0,1999,180,Action|Crime|Drama
tt0172761,Major Saab,Major Saab,0,1998,165,Action|Drama|Romance
tt0172980,Pehla Nasha,Pehla Nasha,0,1993,131,Mystery|Romance|Thriller
tt0173080,Pyaar Kiya To Darna Kya,Pyaar Kiya To Darna Kya,0,1998,162,Action|Comedy|Drama
tt0173081,Pyaar To Hona Hi Tha,Pyaar To Hona Hi Tha,0,1998,156,Comedy|Drama|Romance
tt0173102,Raju Ban Gaya Gentleman,Raju Ban Gaya Gentleman,0,1992,152,Comedy|Musical|Romance
tt0173156,Saajan Ka Ghar,Saajan Ka Ghar,0,1994,153,Drama
tt0173188,Shandaar,Shandaar,0,1990,146,Drama
tt0173283,Swarg,Swarg,0,1990,160,Drama
tt0173301,Taaqat,Taaqat,0,1995,180,Crime|Romance
tt0175422,Aandhiyan,Aandhiyan,0,1990,145,Drama
tt0177483,Aadmi,Aadmi,0,1993,153,Action|Crime|Drama
tt0177489,Aag Ka Gola,Aag Ka Gola,0,1990,180,Action|Drama
tt0177503,Aaja Meri Jaan,Aaja Meri Jaan,0,1993,162,Romance
tt0178392,Droh Kaal,Droh Kaal,0,1994,162,Drama|Thriller
tt0178562,Hazaar Chaurasi Ki Maa,Hazaar Chaurasi Ki Maa,0,1998,186,Drama
tt0182251,When One Falls in Love,Jab Pyaar Kisise Hota Hai,0,1998,154,Comedy|Drama|Romance
tt0185335,Ghulam-E-Musthafa,Ghulam-E-Musthafa,0,1997,162,Action|Crime|Drama
tt0186857,Banjaran,Banjaran,0,1991,\N,Drama|Romance
tt0187004,Farishtay,Farishtay,0,1991,\N,Action|Comedy|Drama
tt0187109,Gurudev,Gurudev,0,1993,147,Action|Drama|Romance
tt0187202,Kaun Sachcha Kaun Jhootha,Kaun Sachcha Kaun Jhootha,0,1997,\N,Drama|Mystery|Thriller
tt0187227,Laadla,Laadla,0,1994,169,Drama|Family
tt0187279,Meri Biwi Ka Jawab Nahin,Meri Biwi Ka Jawab Nahin,0,2004,150,Action|Comedy|Romance
tt0187338,Naaka Bandi,Naaka Bandi,0,1990,\N,Action|Crime|Drama
tt0189492,Dushman,Dushman,0,1998,145,Crime|Drama|Thriller
tt0189592,Hum Aapke Dil Mein Rehte Hain,Hum Aapke Dil Mein Rehte Hain,0,1999,168,Drama|Romance
tt0189633,Kareeb,Kareeb,0,1998,145,Drama|Romance
tt0190419,Ghulam,Ghulam,0,1998,162,Action|Crime|Drama
tt0190419,Ghulam,Ghulam,0,1998,162,Action|Crime|Drama
tt0193102,Dil Ka Kya Kasoor,Dil Ka Kya Kasoor,0,1992,157,Musical|Romance
tt0193246,Jaan Se Pyaara,Jaan Se Pyaara,0,1992,180,Action|Crime|Drama
tt0193449,Rang,Rang,0,1993,150,Drama|Romance
tt0195002,Kaun?,Kaun?,0,1999,90,Mystery|Thriller
tt0195231,Satya,Satya,0,1998,170,Action|Crime|Drama
tt0195814,Hyderabad Blues,Hyderabad Blues,0,1998,85,Comedy|Drama|Romance
tt0196635,International Khiladi,International Khiladi,0,1999,175,Action|Crime|Drama
tt0200087,Sarfarosh,Sarfarosh,0,1999,174,Action|Drama
tt0200435,Anari No. 1,Anari No. 1,0,1999,169,Comedy
tt0200441,The Making of the Mahatma,The Making of the Mahatma,0,1996,144,Drama
tt0204823,Angrakshak,Angrakshak,0,1995,116,Action|Romance
tt0205189,Kranti Kshetra,Kranti Kshetra,0,1994,\N,Action|Comedy|Drama
tt0205968,Gharwali Baharwali,Gharwali Baharwali,0,1998,138,Comedy
tt0206020,Hote Hote Pyar Hogaya,Hote Hote Pyar Hogaya,0,1999,140,Action|Crime|Romance
tt0206067,Kachche Dhaage,Kachche Dhaage,0,1999,144,Action|Drama|Thriller
tt0206921,Mann,Mann,0,1999,160,Drama|Romance
tt0207341,Biwi No. 1,Biwi No. 1,0,1999,159,Comedy|Drama|Romance
tt0207415,Doli Saja Ke Rakhna,Doli Saja Ke Rakhna,0,1998,170,Drama|Romance
tt0207513,Hindustan Ki Kasam,Hindustan Ki Kasam,0,1999,146,Action|Drama
tt0207626,Naukar Ki Kameez,Naukar Ki Kameez,0,1999,104,\N
tt0209263,Pyaar Koi Khel Nahin,Pyaar Koi Khel Nahin,0,1999,165,Drama|Romance|Thriller
tt0210609,China Gate,China Gate,0,1998,175,Action|Adventure|Drama
tt0210659,Dulhe Raja,Dulhe Raja,0,1998,143,Comedy
tt0210659,Dulhe Raja,Dulhe Raja,0,1998,143,Comedy
tt0210920,Prem Aggan,Prem Aggan,0,1998,168,Drama|Romance
tt0211126,Zakhm,Zakhm,0,1998,125,Drama
tt0211634,Soldier,Soldier,0,1998,156,Action|Drama|Musical
tt0211934,Baadshah,Baadshah,0,1999,175,Action|Comedy|Crime
tt0213677,Ghaath,Ghaath,0,2000,\N,Crime|Drama|Thriller
tt0213775,Kohram,Kohram,0,1999,150,Action|Comedy|Drama
tt0213890,Mohabbatein,Mohabbatein,0,2000,216,Drama|Musical|Romance
tt0214178,Sooryavansham,Sooryavansham,0,1999,168,Action|Drama
tt0214775,House No. 13,House No. 13,0,1991,112,Horror
tt0214931,Mast,Mast,0,1999,153,Fantasy|Musical|Romance
tt0215196,Split Wide Open,Split Wide Open,0,1999,103,Crime|Drama
tt0215245,Thakshak,Thakshak,0,1999,163,Action|Crime|Drama
tt0216707,Dil Kya Kare,Dil Kya Kare,0,1999,158,Drama|Musical|Romance
tt0216817,Hum Saath-Saath Hain: We Stand United,Hum Saath-Saath Hain: We Stand United,0,1999,177,Drama|Family|Musical
tt0217351,Dahek: A Burning Passion,Dahek: A Burning Passion,0,1999,155,Drama|Romance|Thriller
tt0217608,Laawaris,Laawaris,0,1999,117,Action
tt0218533,Call,Pukar,0,2000,176,Action|Drama|Romance
tt0220594,Kartoos,Kartoos,0,1999,124,Action|Crime|Thriller
tt0220596,Khauff,Khauff,0,2000,124,Action|Drama|Thriller
tt0220597,Khoobsurat,Khoobsurat,0,1999,153,Action|Comedy|Romance
tt0220757,Shool,Shool,0,1999,138,Action|Crime|Drama
tt0220832,Vaastav: The Reality,Vaastav: The Reality,0,1999,145,Action|Crime|Drama
tt0221982,Gaja Gamini,Gaja Gamini,0,2000,122,Drama|Fantasy
tt0222012,Hey Ram,Hey Ram,0,2000,186,Crime|Drama|History
tt0222024,Hum Tumhare Hain Sanam,Hum Tumhare Hain Sanam,0,2002,174,Drama|Romance
tt0222270,Phir Bhi Dil Hai Hindustani,Phir Bhi Dil Hai Hindustani,0,2000,160,Comedy|Drama|Musical
tt0225013,Aa Gale Lag Jaa,Aa Gale Lag Jaa,0,1994,158,Romance
tt0225029,Aflatoon,Aflatoon,0,1997,153,Action|Crime|Drama
tt0225515,Dillagi,Dillagi,0,1999,188,Drama|Family|Musical
tt0225566,Drohi,Drohi,0,1992,130,Action|Crime|Romance
tt0226786,Hum Tum Pe Marte Hain,Hum Tum Pe Marte Hain,0,1999,\N,Romance
tt0226847,Jaanam Samjha Karo,Jaanam Samjha Karo,0,1999,153,Drama|Romance
tt0227194,One 2 Ka 4,One 2 Ka 4,0,2001,169,Action|Comedy|Crime
tt0227496,Shreemaan Aashique,Shreemaan Aashique,0,1993,152,Comedy
tt0229193,Aastha: In the Prison of Spring,Aastha: In the Prison of Spring,0,1997,132,Drama
tt0230055,Bulandi,Bulandi,0,2000,175,Action|Drama
tt0230245,Ghar Ki Laaj,Ghar Ki Laaj,0,1979,\N,Drama
tt0230347,Jaanwar,Jaanwar,0,1999,172,Action|Crime|Drama
tt0230358,Janam Se Pehle,Janam Se Pehle,0,1994,150,Crime|Thriller
tt0231197,Aulad Ke Dushman,Aulad Ke Dushman,0,1993,152,Drama
tt0231520,Ek Ghar,Ek Ghar,0,1991,100,Drama
tt0231765,Humshakal,Humshakal,0,1992,\N,Action|Comedy|Drama
tt0232079,Mela,Mela,0,2000,172,Action|Adventure|Comedy
tt0232291,Pati Patni Aur Tawaif,Pati Patni Aur Tawaif,0,1990,\N,Drama|Family
tt0233422,Chachi 420,Chachi 420,0,1997,155,Comedy|Drama|Family
tt0233808,Godmother,Godmother,0,1999,150,Crime|Drama|Thriller
tt0233856,Hello Brother,Hello Brother,0,1999,139,Action|Comedy|Fantasy
tt0234000,Kaho Naa... Pyaar Hai,Kaho Naa... Pyaar Hai,0,2000,172,Action|Romance
tt0234412,Paap Ki Aandhi,Paap Ki Aandhi,0,1991,\N,Action
tt0236978,Amiri Garibi,Amiri Garibi,0,1990,155,Family
tt0238591,Sham Ghansham,Sham Ghansham,0,1998,160,Action|Drama
tt0238936,Devdas,Devdas,0,2002,185,Drama|Musical|Romance
tt0240879,Sardar,Sardar,0,1993,175,Biography|Drama|History
tt0241753,The Morning Breeze,Naseem,0,1995,89,Drama
tt0242509,Haatim Tai,Haatim Tai,0,1990,125,Fantasy
tt0242519,Hera Pheri,Hera Pheri,0,2000,156,Action|Comedy|Crime
tt0242831,Saat Rang Ke Sapne,Saat Rang Ke Sapne,0,1998,171,Drama|Romance
tt0243103,Aaj Ke Shahenshah,Aaj Ke Shahenshah,0,1990,132,Action
tt0243639,Veerta,Veerta,0,1993,129,Action
tt0244528,Hadh Kar Di Aapne,Hadh Kar Di Aapne,0,2000,134,Comedy|Romance
tt0244794,Only You,Sirf Tum,0,1999,150,Drama|Romance
tt0245825,Chal Mere Bhai,Chal Mere Bhai,0,2000,136,Comedy|Romance
tt0246567,Diksha,Diksha,0,1991,120,Drama
tt0246687,Hu Tu Tu,Hu Tu Tu,0,1999,172,Drama
tt0246729,Khiladiyon Ka Khiladi,Khiladiyon Ka Khiladi,0,1996,162,Action|Crime|Drama
tt0246766,Maa,Maa,0,1992,145,Drama
tt0246839,Papa Kahte Hain,Papa Kahte Hain,0,1996,143,Comedy
tt0246905,Saajan Chale Sasural,Saajan Chale Sasural,0,1996,134,Comedy|Drama
tt0247909,Aaj Ka Goonda Raaj,Aaj Ka Goonda Raaj,0,1992,147,Action|Thriller
tt0247911,Aap Mujhe Achche Lagne Lage,Aap Mujhe Achche Lagne Lage,0,2002,180,Action|Drama|Romance
tt0247944,Badal,Badal,0,2000,166,Action|Crime|Drama
tt0247992,Dulhan Hum Le Jayenge,Dulhan Hum Le Jayenge,0,2000,158,Comedy|Drama|Romance
tt0248012,Fiza,Fiza,0,2000,170,Action|Crime|Drama
tt0248126,Kabhi Khushi Kabhie Gham...,Kabhi Khushi Kabhie Gham...,0,2001,210,Drama|Musical|Romance
tt0248185,Mission Kashmir,Mission Kashmir,0,2000,154,Action|Drama|Thriller
tt0248216,Na Tum Jaano Na Hum,Na Tum Jaano Na Hum,0,2002,158,Comedy|Drama|Musical
tt0248307,Pita,Pita,0,1991,\N,Drama
tt0248428,Shiva,Shiva,0,1989,161,Action|Crime|Drama
tt0248617,Yaadein...,Yaadein...,0,2001,171,Drama|Musical|Romance
tt0249371,Ashoka the Great,Asoka,0,2001,176,Action|Biography|Drama
tt0249588,Hum To Mohabbat Karega,Hum To Mohabbat Karega,0,2000,153,Action|Comedy|Romance
tt0250043,Thodasa Roomani Ho Jaayen,Thodasa Roomani Ho Jaayen,0,1990,160,Comedy|Drama|Musical
tt0250122,Yeshwant,Yeshwant,0,1997,145,Action|Crime|Drama
tt0250415,Har Dil Jo Pyar Karega...,Har Dil Jo Pyar Karega...,0,2000,173,Comedy|Drama|Musical
tt0250452,Joru Ka Ghulam,Joru Ka Ghulam,0,2000,169,Comedy|Drama|Romance
tt0250483,Kya Kehna,Kya Kehna,0,2000,155,Drama|Romance
tt0250642,Papeeha,Papeeha,0,1993,\N,Drama
tt0250690,Refugee,Refugee,0,2000,207,Drama|Musical|Romance
tt0250774,Tera Jadoo Chal Gayaa,Tera Jadoo Chal Gayaa,0,2000,143,Musical|Romance
tt0251053,Do Ankhen Barah Hath,Do Ankhen Barah Hath,0,1997,\N,Drama
tt0251068,Ek Phool Teen Kante,Ek Phool Teen Kante,0,1997,\N,Comedy
tt0251143,Insaaf: The Final Justice,Insaaf: The Final Justice,0,1997,155,Action|Comedy|Drama
tt0251194,Mahaanta: The Film,Mahaanta: The Film,0,1997,\N,Action|Crime|Drama
tt0251320,Pehchaan,Pehchaan,0,1993,138,Action|Drama|Thriller
tt0251346,Police Aur Mujrim,Police Aur Mujrim,0,1992,146,Action|Musical|Romance
tt0251356,Qahar,Qahar,0,1997,\N,Action|Crime|Drama
tt0251395,Shapath,Shapath,0,1997,140,Action
tt0251426,Tarazu,Tarazu,0,1997,144,Action|Crime|Drama
tt0251756,Jungle,Jungle,0,2000,146,Action|Adventure|Romance
tt0252038,Tarkieb,Tarkieb,0,2000,156,Mystery|Thriller
tt0252277,Bichhoo,Bichhoo,0,2000,160,Action|Crime|Drama
tt0253194,Kunwara,Kunwara,0,2000,134,Comedy|Drama|Romance
tt0254481,Koi... Mil Gaya,Koi... Mil Gaya,0,2003,171,Action|Drama|Romance
tt0254683,Phool Aur Kaante,Phool Aur Kaante,0,1991,173,Action|Crime|Drama
tt0254927,Aaghaaz,Aaghaaz,0,2000,153,Action|Crime|Drama
tt0255097,Deewane,Deewane,0,2000,164,Action|Romance
tt0255111,Dhadkan,Dhadkan,0,2000,161,Drama|Romance
tt0255112,Dhaai Akshar Prem Ke,Dhaai Akshar Prem Ke,0,2000,167,Drama|Romance
tt0255120,Dil Pe Mat Le Yaar!!,Dil Pe Mat Le Yaar!!,0,2000,148,Drama
tt0255212,Hamara Dil Aapke Paas Hai,Hamara Dil Aapke Paas Hai,0,2000,165,Drama|Romance
tt0255305,Khiladi 420,Khiladi 420,0,2000,157,Action|Romance|Thriller
tt0255309,Kurukshetra,Kurukshetra,0,2000,129,Action|Crime|Drama
tt0255401,Muskurahat,Muskurahat,0,1992,135,Comedy|Drama
tt0255543,Raja Ko Rani Se Pyar Ho Gaya,Raja Ko Rani Se Pyar Ho Gaya,0,2000,148,Comedy|Musical|Romance
tt0255713,Zubeidaa,Zubeidaa,0,2001,153,Biography|Drama|History
tt0256692,Chori Chori Chupke Chupke,Chori Chori Chupke Chupke,0,2001,160,Drama|Musical|Romance
tt0259534,Ramayana: The Legend of Prince Rama,Ramayana: The Legend of Prince Rama,0,1992,170,Action|Adventure|Animation
tt0259547,Conflict,Samar,0,1998,126,Drama
tt0259831,Aakhri Cheekh,Aakhri Cheekh,0,1991,\N,Horror
tt0259877,Bandh Darwaza,Bandh Darwaza,0,1990,155,Action|Drama|Horror
tt0260066,Haathkadi,Haathkadi,0,1995,156,Action|Comedy|Drama
tt0260155,The Monster,Mahakaal,0,1994,132,Horror|Music
tt0260286,Police Mattu Dada,Police Mattu Dada,0,1991,\N,\N
tt0261296,Shaitani Ilaaka,Shaitani Ilaaka,0,1990,\N,Horror
tt0261545,Astitva,Astitva,0,2000,109,Drama
tt0262527,Jhooth Bole Kauwa Kaate,Jhooth Bole Kauwa Kaate,0,1998,\N,Comedy|Romance
tt0262747,Santaan,Santaan,0,1993,161,Drama|Family
tt0263491,Jis Desh Mein Ganga Rehta Hain,Jis Desh Mein Ganga Rehta Hain,0,2000,141,Comedy|Crime|Drama
tt0264210,Zor: Never Underestimate the Force,Zor: Never Underestimate the Force,0,1998,157,Action|Drama|Thriller
tt0265148,Main Prem Ki Diwani Hoon,Main Prem Ki Diwani Hoon,0,2003,197,Comedy|Drama|Musical
tt0265452,Officer,Officer,0,2001,\N,Action|Crime|Drama
tt0266752,Mast Kalandar,Mast Kalandar,0,1991,\N,Action|Drama|Thriller
tt0266875,Raat,Raat,0,1992,127,Horror
tt0267246,Aatish: Feel the Fire,Aatish: Feel the Fire,0,1994,155,Action|Crime|Drama
tt0267252,Ajay,Ajay,0,1996,146,Action|Drama|Romance
tt0267363,Chandni Bar,Chandni Bar,0,2001,150,Crime|Drama
tt0267424,Dhanwaan,Dhanwaan,0,1993,123,Comedy|Drama|Romance
tt0267548,Haseena Maan Jaayegi,Haseena Maan Jaayegi,0,1999,147,Action|Comedy|Romance
tt0267613,Jawab,Jawab,0,1995,\N,Action|Drama|Romance
tt0267617,Courage,Jigar,0,1992,161,Action|Crime|Drama
tt0267703,Maidan-E-Jung,Maidan-E-Jung,0,1995,155,Action|Drama
tt0267742,Megha,Megha,0,1996,\N,Romance
tt0267813,Papi Gudia,Papi Gudia,0,1996,130,Horror|Thriller
tt0267830,Police Officer,Police Officer,0,1992,158,Action
tt0267845,Prem Shakti,Prem Shakti,0,1994,\N,Action|Drama|Fantasy
tt0267905,Sangram,Sangram,0,1993,156,Drama|Romance
tt0267928,Silsila Hai Pyar Ka,Silsila Hai Pyar Ka,0,1999,150,Comedy|Drama|Romance
tt0268273,Dushman,Dushman,0,1990,146,Action|Drama
tt0268326,Geetanjali,Geetanjali,0,1993,150,Drama
tt0268401,Kahin Pyaar Na Ho Jaaye,Kahin Pyaar Na Ho Jaaye,0,2000,159,Comedy|Romance
tt0269758,Raja Ki Ayegi Baraat,Raja Ki Ayegi Baraat,0,1997,158,Drama|Romance
tt0270880,Champion,Champion,0,2000,140,Action|Comedy|Drama
tt0271138,Ramgarh Ke Sholay,Ramgarh Ke Sholay,0,1991,123,Action|Comedy|Crime
tt0271243,Uff! Yeh Mohabbat,Uff! Yeh Mohabbat,0,1997,\N,Action|Comedy|Drama
tt0271458,Dhartiputra,Dhartiputra,0,1993,\N,Action|Drama
tt0271604,Kuch Khatti Kuch Meethi,Kuch Khatti Kuch Meethi,0,2001,120,Comedy|Drama|Family
tt0271748,Raju Chacha,Raju Chacha,0,2000,163,Action|Comedy|Drama
tt0271996,Bhai Thakur,Bhai Thakur,0,2000,118,Action|Drama
tt0272062,Daag: The Fire,Daag: The Fire,0,1999,152,Action|Drama|Thriller
tt0272543,Censor,Censor,0,2001,165,Drama
tt0272607,Farz,Farz,0,2001,\N,Action|Thriller
tt0272651,Hari-Bhari,Hari-Bhari,0,2000,134,Drama|Family
tt0272688,Kasoor,Kasoor,0,2001,151,Drama|Mystery|Thriller
tt0272735,Mujhe Meri Biwi Se Bachaao,Mujhe Meri Biwi Se Bachaao,0,2001,\N,Comedy|Crime|Family
tt0272736,Mujhse Dosti Karoge!,Mujhse Dosti Karoge!,0,2002,149,Drama|Family|Musical
tt0273045,2001: Do Hazaar Ek,2001: Do Hazaar Ek,0,1998,149,Crime|Mystery|Thriller
tt0273164,Daman: A Victim of Marital Violence,Daman: A Victim of Marital Violence,0,2001,\N,Drama
tt0273406,Aashiq,Aashiq,0,2001,160,Action|Drama|Romance
tt0273452,Bandhan,Bandhan,0,1998,154,Action|Drama|Romance
tt0273513,Current,Current,0,1992,119,Drama
tt0273535,Dil Ne Phir Yaad Kiya,Dil Ne Phir Yaad Kiya,0,2001,\N,Drama|Musical|Romance
tt0273695,Jodidar,Jodidar,0,1997,157,Fantasy
tt0273804,Mehndi,Mehndi,0,1998,153,Drama
tt0273884,Nidaan,Nidaan,0,2000,146,Drama|Romance
tt0274019,Pyaar Diwana Hota Hai,Pyaar Diwana Hota Hai,0,2002,148,Drama|Romance
tt0274764,Rock Dancer,Rock Dancer,0,1995,168,Crime|Drama|Musical
tt0275364,Gangster,Gangster,0,1994,\N,Action|Drama|Thriller
tt0275381,Grahan,Grahan,0,2001,110,Crime|Drama
tt0275608,Pyaar Mein Kabhi Kabhi...,Pyaar Mein Kabhi Kabhi...,0,1999,\N,Comedy|Drama|Musical
tt0277981,Rahul,Rahul,0,2001,151,Drama
tt0278291,Ajnabee,Ajnabee,0,2001,165,Action|Crime|Drama
tt0278315,Arjun Pandit,Arjun Pandit,0,1999,150,Action|Crime|Romance
tt0278522,Jodi No.1,Jodi No.1,0,2001,140,Comedy|Romance
tt0279021,Chhupa Rustam: A Musical Thriller,Chhupa Rustam: A Musical Thriller,0,2001,127,Drama|Musical|Romance
tt0280396,Adharm,Adharm,0,1992,\N,Action|Crime|Drama
tt0280465,Bawandar,Bawandar,0,2000,125,Drama
tt0280832,Khal-Naaikaa,Khal-Naaikaa,0,1993,\N,Crime|Drama|Thriller
tt0280968,My Dear Kuttichaathan,My Dear Kuttichaathan,0,1984,96,Action|Adventure|Comedy
tt0281102,Pyaar Tune Kya Kiya...,Pyaar Tune Kya Kiya...,0,2001,123,Romance|Thriller
tt0281656,Bhopal Express,Bhopal Express,0,1999,100,Drama
tt0281913,Hogi Pyaar Ki Jeet,Hogi Pyaar Ki Jeet,0,1999,180,Action|Comedy|Drama
tt0282268,Yeh Hai Mumbai Meri Jaan,Yeh Hai Mumbai Meri Jaan,0,1999,148,Action|Comedy|Romance
tt0282275,Zulmi,Zulmi,0,1999,129,Action|Drama
tt0283911,Bas Itna Sa Khwaab Hai...,Bas Itna Sa Khwaab Hai...,0,2001,\N,Romance
tt0284083,Bond of Love,Ek Rishtaa: The Bond of Love,0,2001,174,Drama|Family
tt0284137,Gadar: Ek Prem Katha,Gadar: Ek Prem Katha,0,2001,170,Action|Drama|Romance
tt0284328,Mujhe Kucch Kehna Hai,Mujhe Kucch Kehna Hai,0,2001,135,Drama|Romance
tt0284479,Shararat,Shararat,0,2002,155,Comedy|Drama|Family
tt0284811,Aarzoo,Aarzoo,0,1999,175,Action|Drama|Musical
tt0284999,Dattak,Dattak,0,2001,125,Drama
tt0285319,Paagalpan,Paagalpan,0,2001,146,Romance
tt0285958,Pyaar Ishq Aur Mohabbat,Pyaar Ishq Aur Mohabbat,0,2001,\N,Drama|Musical|Romance
tt0286416,Aakrosh: Cyclone of Anger,Aakrosh: Cyclone of Anger,0,1998,\N,Action|Crime|Drama
tt0286421,Achanak,Achanak,0,1998,160,Action|Mystery|Thriller
tt0286478,Bade Dilwala,Bade Dilwala,0,1999,146,Comedy|Drama|Romance
tt0286504,Beti No. 1,Beti No. 1,0,2000,\N,Comedy|Drama|Family
tt0286539,Chehraa,Chehraa,0,1999,\N,Drama
tt0286545,Chupp,Chupp,0,1997,\N,Mystery
tt0286576,Darmiyaan: In Between,Darmiyaan: In Between,0,1997,128,Drama
tt0286593,Diljale,Diljale,0,1996,159,Action|Drama|Romance
tt0286620,Fareb,Fareb,0,1996,147,Action|Crime|Drama
tt0286640,Gair,Gair,0,1999,148,Action|Drama
tt0286664,Gudgudee,Gudgudee,0,1997,138,Musical|Romance
tt0286672,Haqeeqat,Haqeeqat,0,1995,166,Action|Drama|Romance
tt0286683,Hero Hindustani,Hero Hindustani,0,1998,152,Action|Comedy|Drama
tt0286705,Hum Dono,Hum Dono,0,1995,154,Action|Comedy|Thriller
tt0286707,Humse Badhkar Kaun: The Entertainer,Humse Badhkar Kaun: The Entertainer,0,1998,\N,Action|Comedy
tt0286723,Iski Topi Uske Sarr,Iski Topi Uske Sarr,0,1998,129,Action|Crime|Drama
tt0286724,Itihaas,Itihaas,0,1997,154,Action|Drama|Romance
tt0286752,Keemat: They Are Back,Keemat: They Are Back,0,1998,162,Action|Comedy|Drama
tt0286772,Kudrat,Kudrat,0,1998,186,Action|Drama|Romance
tt0286803,Main Solah Baras Ki,Main Solah Baras Ki,0,1998,150,Musical|Romance
tt0286891,Phool Aur Aag,Phool Aur Aag,0,1999,\N,Action|Comedy|Crime
tt0286907,Qila,Qila,0,1998,133,Drama|Family|Music
tt0286910,Rajaji,Rajaji,0,1999,150,Comedy|Romance
tt0286934,Safari,Safari,0,1999,\N,Action|Adventure|Romance
tt0286936,Salaakhen,Salaakhen,0,1998,165,Action|Drama
tt0286938,Salma Pe Dil Aa Gaya,Salma Pe Dil Aa Gaya,0,1997,149,Drama
tt0286942,Sardari Begum,Sardari Begum,0,1996,116,Drama
tt0287081,Ustadon Ke Ustad,Ustadon Ke Ustad,0,1998,139,Action
tt0287111,Wajood,Wajood,0,1998,180,Action|Crime|Drama
tt0287152,Yamraaj,Yamraaj,0,1998,\N,Action|Drama
tt0287537,Love Ke Liye Kuch Bhi Karega,Love Ke Liye Kuch Bhi Karega,0,2001,131,Comedy|Crime|Romance
tt0289685,Daava,Daava,0,1997,145,Action|Drama|Romance
tt0289686,Dancer,Dancer,0,1991,150,Action|Drama|Musical
tt0289725,Jung,Jung,0,2000,147,Action|Crime|Drama
tt0289845,Aks,Aks,0,2001,184,Action|Crime|Horror
tt0290179,Dil Ki Baazi,Dil Ki Baazi,0,1993,162,Action|Drama
tt0290183,Elaan,Elaan,0,1994,146,Action|Crime|Thriller
tt0290213,Hum Hain Bemisaal,Hum Hain Bemisaal,0,1994,160,Action|Crime|Drama
tt0290231,Lav Kush,Lav Kush,0,1997,110,Adventure|Drama|Fantasy
tt0290258,Paandav,Paandav,0,1995,132,Action|Drama
tt0290326,Tum Bin...: Love Will Find a Way,Tum Bin...: Love Will Find a Way,0,2001,158,Drama|Romance
tt0290331,Waqt Hamara Hai,Waqt Hamara Hai,0,1993,148,Action|Comedy|Crime
tt0290429,Ashaant,Ashaant,0,1993,141,Action|Thriller
tt0290839,Sainik,Sainik,0,1993,145,Action|Drama|Romance
tt0290940,Zaalim,Zaalim,0,1994,131,Action|Drama
tt0291376,Nayak: The Real Hero,Nayak: The Real Hero,0,2001,187,Action|Drama|Thriller
tt0291883,Ek Ladka Ek Ladki,Ek Ladka Ek Ladki,0,1992,162,Comedy|Romance
tt0292113,Mitr: My Friend,Mitr: My Friend,0,2002,104,Drama
tt0292490,Dil Chahta Hai,Dil Chahta Hai,0,2001,183,Comedy|Drama|Romance
tt0292527,Green Card Fever,Green Card Fever,0,2003,100,Comedy|Drama|Romance
tt0292552,Hum Ho Gaye Aap Ke,Hum Ho Gaye Aap Ke,0,2001,168,Drama|Musical|Romance
tt0292606,Nazar Ke Samne,Nazar Ke Samne,0,1995,96,Action|Crime|Drama
tt0292740,Yeh Raaste Hain Pyaar Ke,Yeh Raaste Hain Pyaar Ke,0,2001,149,Drama|Romance
tt0292742,Zakhmi Dil,Zakhmi Dil,0,1994,151,Action|Drama|Romance
tt0293342,Lajja,Lajja,0,2001,202,Crime|Drama
tt0294264,Aalavandhan,Aalavandhan,0,2001,177,Action|Thriller
tt0294492,Daanveer,Daanveer,0,1996,\N,Action|Crime|Drama
tt0294662,Kaante,Kaante,0,2002,150,Action|Crime|Drama
tt0296574,Company,Company,0,2002,155,Action|Crime|Drama
tt0296705,Rules and Regulations,Kayda Kanoon,0,1993,150,Action|Crime|Drama
tt0297001,Aur Ek Prem Kahani,Aur Ek Prem Kahani,0,1996,\N,Romance
tt0297241,Because I Don't Lie,Kyo Kii... Main Jhuth Nahin Bolta,0,2001,131,Comedy|Fantasy
tt0297983,Ittefaq,Ittefaq,0,2001,138,Action|Comedy|Drama
tt0298606,Yeh Teraa Ghar Yeh Meraa Ghar,Yeh Teraa Ghar Yeh Meraa Ghar,0,2001,175,Comedy|Drama
tt0298607,Yeh Zindagi Ka Safar,Yeh Zindagi Ka Safar,0,2001,146,Drama
tt0299027,Maya,Maya,0,2001,105,Drama
tt0299108,Rehnaa Hai Terre Dil Mein,Rehnaa Hai Terre Dil Mein,0,2001,160,Musical|Romance
tt0300028,Indian,Indian,0,2001,178,Action|Crime|Drama
tt0301179,Deewaanapan,Deewaanapan,0,2001,153,Action|Romance
tt0301240,Moksha: Salvation,Moksha: Salvation,0,2001,150,Drama|Thriller
tt0301250,Tera Mera Saath Rahen,Tera Mera Saath Rahen,0,2001,148,Drama
tt0302524,Ehsaas: The Feeling,Ehsaas: The Feeling,0,2001,116,Drama
tt0304204,Isi Ka Naam Zindagi,Isi Ka Naam Zindagi,0,1992,140,Action|Comedy|Drama
tt0305173,Aamdani Atthanni Kharcha Rupaiya,Aamdani Atthanni Kharcha Rupaiya,0,2001,150,Comedy|Drama|Family
tt0305241,Aranyaka,Aranyaka,0,1994,90,Drama
tt0305455,Pitaah,Pitaah,0,2002,126,Action|Drama
tt0306228,Where's the Party Yaar?,Where's the Party Yaar?,0,2003,110,Comedy
tt0306434,Aankhen,Aankhen,0,2002,165,Comedy|Crime|Drama
tt0306840,Koi Mere Dil Se Poochhe,Koi Mere Dil Se Poochhe,0,2002,165,Musical|Romance|Thriller
tt0306855,Style,Style,0,2001,157,Comedy|Musical|Mystery
tt0307116,Maa Tujhhe Salaam,Maa Tujhhe Salaam,0,2002,162,Action|Drama
tt0307682,Yeh Dil Aashiqanaa,Yeh Dil Aashiqanaa,0,2002,152,Action|Romance
tt0307866,Filhaal...,Filhaal...,0,2002,151,Drama|Romance
tt0307873,Raaz,Raaz,0,2002,151,Drama|Horror|Musical
tt0308347,Haan Maine Bhi Pyaar Kiya,Haan Maine Bhi Pyaar Kiya,0,2002,174,Drama|Musical|Romance
tt0308417,Is Raat Ki Subah Nahin,Is Raat Ki Subah Nahin,0,1996,131,Thriller
tt0309087,Yeh Mohabbat Hai,Yeh Mohabbat Hai,0,2002,\N,Action|Romance
tt0309618,Gaddaar,Gaddaar,0,1995,152,Action|Drama|Romance
tt0309800,Chota Jadugar,Chota Jadugar,0,2003,99,Fantasy
tt0310254,Tumko Na Bhool Paayenge,Tumko Na Bhool Paayenge,0,2002,160,Action|Mystery|Romance
tt0311356,War and Peace,Jang Aur Aman,0,2002,148,Documentary|War
tt0311411,Kranti,Kranti,0,2002,142,Action|Drama
tt0311413,Krodh,Krodh,0,2000,141,Action|Drama
tt0312664,Escape from Taliban,Escape from Taliban,0,2003,166,Adventure|Drama|Thriller
tt0312883,Kya Yehi Pyaar Hai,Kya Yehi Pyaar Hai,0,2002,145,Drama|Romance
tt0313395,Kitne Door... Kitne Paas,Kitne Door... Kitne Paas,0,2002,146,Comedy|Romance
tt0313844,16 December,16 December,0,2002,158,Action|Thriller
tt0314006,Dum,Dum,0,2003,166,Action|Crime|Drama
tt0314186,Humko Tumse Pyaar Hai,Humko Tumse Pyaar Hai,0,2006,128,Drama|Romance
tt0315632,Road,Road,0,2002,134,Thriller
tt0315777,Ansh: The Deadly Part,Ansh: The Deadly Part,0,2002,180,Crime|Drama
tt0316112,Kismat,Kismat,0,1995,149,Action|Drama|Family
tt0316911,Yeh Kaisi Mohabbat,Yeh Kaisi Mohabbat,0,2002,160,Drama|Musical|Romance
tt0317355,Dhoondte Reh Jaaoge!,Dhoondte Reh Jaaoge!,0,1998,\N,Comedy|Drama|Family
tt0317641,Heera Lal Panna Lal,Heera Lal Panna Lal,0,1999,127,Action|Comedy|Crime
tt0317680,Hum Hain Kamaal Ke,Hum Hain Kamaal Ke,0,1993,142,Action|Comedy|Crime
tt0317699,Ekka Raja Rani,Ekka Raja Rani,0,1994,\N,Action|Comedy|Drama
tt0317811,Kasam,Kasam,0,2001,\N,Action|Drama
tt0317985,Pehla Pehla Pyar,Pehla Pehla Pyar,0,1994,\N,Comedy|Drama|Romance
tt0318607,Raasaiyya,Raasaiyya,0,1995,\N,Comedy|Drama
tt0318956,Tum Se Achcha Kaun Hai,Tum Se Achcha Kaun Hai,0,2002,150,Drama|Musical|Romance
tt0319020,Awara Paagal Deewana,Awara Paagal Deewana,0,2002,158,Action|Comedy|Crime
tt0319480,Hafta Vasuli,Hafta Vasuli,0,1998,140,Action
tt0319500,Himmat,Himmat,0,1996,138,Action|Drama|Thriller
tt0319736,The Legend of Bhagat Singh,The Legend of Bhagat Singh,0,2002,155,Action|Biography|Drama
tt0320097,Hum Kisi Se Kum Nahin,Hum Kisi Se Kum Nahin,0,2002,161,Action|Comedy|Drama
tt0321067,Ab Ke Baras,Ab Ke Baras,0,2002,\N,Action|Romance|Thriller
tt0321494,Bollywood Queen,Bollywood Queen,0,2002,89,Musical|Romance
tt0322027,Dil Tera Diwana,Dil Tera Diwana,0,1996,139,Drama
tt0322653,Mere Yaar Ki Shaadi Hai,Mere Yaar Ki Shaadi Hai,0,2002,158,Comedy|Drama|Romance
tt0322936,Kehtaa Hai Dil Baar Baar,Kehtaa Hai Dil Baar Baar,0,2002,119,Comedy|Drama|Romance
tt0323013,Lakshya,Lakshya,0,2004,186,Action|Drama|Romance
tt0323415,Nishad,Nishad,0,2002,118,Drama
tt0324951,23rd March 1931: Shaheed,23rd March 1931: Shaheed,0,2002,188,Biography|Drama|History
tt0325041,Badhaai Ho Badhaai,Badhaai Ho Badhaai,0,2002,155,Comedy|Drama|Musical
tt0326576,Humraaz,Humraaz,0,2002,173,Action|Musical|Romance
tt0326600,Maine Dil Tujhko Diya,Maine Dil Tujhko Diya,0,2002,154,Action|Romance
tt0326722,Agnivarsha: The Fire and the Rain,Agni Varsha,0,2002,130,Drama|Fantasy|Romance
tt0326745,Baaghi,Baaghi,0,2000,156,Action|Crime|Drama
tt0326805,Chori Chori,Chori Chori,0,2003,135,Comedy|Drama|Musical
tt0326983,Jaani Dushman: Ek Anokhi Kahani,Jaani Dushman: Ek Anokhi Kahani,0,2002,170,Action|Fantasy|Thriller
tt0327004,Kuch Tum Kaho Kuch Hum Kahein,Kuch Tum Kaho Kuch Hum Kahein,0,2002,171,Action|Drama|Romance
tt0327005,Kyaa Dil Ne Kahaa,Kyaa Dil Ne Kahaa,0,2002,\N,Family|Romance
tt0327071,Om Jai Jagadish,Om Jai Jagadish,0,2002,172,Drama|Musical
tt0327403,Afsana Pyar Ka,Afsana Pyar Ka,0,1991,145,Drama|Romance
tt0328503,Taj Mahal: An Eternal Love Story,Taj Mahal: An Eternal Love Story,0,2005,164,Drama|History|Musical
tt0328671,Yeh Hai Jalwa,Yeh Hai Jalwa,0,2002,165,Comedy|Drama|Romance
tt0328729,Dil Maange More!!!,Dil Maange More!!!,0,2004,123,Family|Musical|Romance
tt0328998,Dil Hai Tumhaara,Dil Hai Tumhaara,0,2002,185,Drama|Romance
tt0329354,Marigold,Marigold,0,2007,110,Comedy|Romance
tt0330019,Azaad Desh Ke Gulam,Azaad Desh Ke Gulam,0,1990,153,Action|Drama
tt0330082,Boom,Boom,0,2003,100,Crime|Thriller
tt0330217,Dil Ka Rishta,Dil Ka Rishta,0,2003,150,Drama|Musical|Romance
tt0330783,Pran Jaaye Par Shaan Na Jaaye,Pran Jaaye Par Shaan Na Jaaye,0,2003,137,Drama
tt0330843,Saathiya,Saathiya,0,2002,138,Drama|Family|Romance
tt0331216,Chor Machaaye Shor,Chor Machaaye Shor,0,2002,145,Action|Comedy|Crime
tt0331256,Gunaah,Gunaah,0,2002,135,Crime|Drama
tt0331421,Akhiyon Se Goli Maare,Akhiyon Se Goli Maare,0,2002,146,Comedy|Romance
tt0331479,Ek Chhotisi Love Story,Ek Chhotisi Love Story,0,2002,122,Drama
tt0331639,Shakthi: The Power,Shakthi: The Power,0,2002,170,Action|Drama
tt0331851,Armaan,Armaan,0,2003,158,Drama|Family|Romance
tt0332766,Sur,Sur: The Melody of Life,0,2002,\N,Drama|Musical|Romance
tt0335044,Dil Vil Pyar Vyar,Dil Vil Pyar Vyar,0,2002,150,Drama|Musical|Romance
tt0335592,Pyaasa,Pyaasa,0,2002,137,Drama
tt0337578,Baghban,Baghban,0,2003,181,Drama|Romance
tt0337585,Bomb the System,Bomb the System,0,2002,91,Action|Drama
tt0337611,Dilwale,Dilwale,0,1994,172,Action|Drama|Romance
tt0337613,Divya Shakti,Divya Shakti,0,1993,\N,Action|Drama
tt0337625,Gambler,Gambler,0,1995,169,Action|Comedy|Crime
tt0337633,Hathyar: Face to Face with Reality,Hathyar: Face to Face with Reality,0,2002,140,Action|Crime|Drama
tt0337650,Jawani Zindabad,Jawani Zindabad,0,1990,163,Drama|Romance
tt0337651,Jeena Marna Tere Sang,Jeena Marna Tere Sang,0,1992,150,Action|Romance
tt0337652,Jeena Sirf Merre Liye,Jeena Sirf Merre Liye,0,2002,137,Romance
tt0337971,Deewangee,Deewangee,0,2002,169,Crime|Drama|Mystery
tt0338264,Mother,Mother,0,1999,\N,Comedy|Drama|Family
tt0338477,Talaash: The Hunt Begins...,Talaash: The Hunt Begins...,0,2003,153,Action|Drama|Mystery
tt0338490,Three Walls,3 Deewarein,0,2003,115,Crime|Drama
tt0338566,Yeh Kya Ho Raha Hai?,Yeh Kya Ho Raha Hai?,0,2002,\N,Comedy|Romance
tt0338690,Aag,Aag,0,1994,139,Action|Comedy|Drama
tt0338721,Annarth,Annarth,0,2002,\N,Action|Crime|Drama
tt0338855,Chhote Sarkar,Chhote Sarkar,0,1996,151,Comedy|Romance|Thriller
tt0338959,Ek Se Badhkar Ek,Ek Se Badhkar Ek,0,2004,146,Comedy|Thriller
tt0338960,Ek Tha Raja,Ek Tha Raja,0,1996,150,Action|Thriller
tt0339233,Judge Mujrim,Judge Mujrim,0,1997,137,Action|Drama
tt0339239,Kaala Samrajya,Kaala Samrajya,0,1999,119,Action|Crime|Romance
tt0339864,Vijeta,Vijeta,0,1996,\N,Action
tt0339878,Waah! Tera Kya Kehna,Waah! Tera Kya Kehna,0,2002,\N,Comedy
tt0339936,Zamane Se Kya Darna,Zamane Se Kya Darna,0,1994,172,Action|Drama|Romance
tt0339992,Baat Hai Pyaar Ki,Baat Hai Pyaar Ki,0,1991,\N,Romance
tt0340112,Fateh,Fateh,0,1991,\N,Action
tt0340178,Jaal: The Trap,Jaal: The Trap,0,2003,142,Action|Drama|Romance
tt0340464,Zindagi Khoobsoorat Hai,Zindagi Khoobsoorat Hai,0,2002,\N,Drama|Family
tt0341266,Bhoot,Bhoot,0,2003,113,Horror|Mystery|Thriller
tt0341455,The Web of the Witch,Makdee,0,2002,90,Fantasy
tt0341458,Maseeha,Maseeha,0,2002,117,Action|Crime|Drama
tt0341549,Rishtey,Rishtey,0,2002,164,Action|Drama
tt0341562,Satta,Satta,0,2003,153,Crime|Drama
tt0341639,Vishwasghaat,Vishwasghaat,0,1996,128,Action
tt0342624,Karz: The Burden of Truth,Karz: The Burden of Truth,0,2002,173,Action|Crime|Drama
tt0343048,Surakshaa,Surakshaa,0,1995,148,Action|Romance|Thriller
tt0343850,Jai Vikraanta,Jai Vikraanta,0,1995,195,Action
tt0344098,Namak,Namak,0,1996,148,Action|Drama|Family
tt0344301,Sarphira,Sarphira,0,1992,\N,Action
tt0345043,Chura Liyaa Hai Tumne,Chura Liyaa Hai Tumne,0,2003,143,Action|Drama|Mystery
tt0345177,Ek Doctor Ki Maut,Ek Doctor Ki Maut,0,1990,122,Drama
tt0346457,Mangal Pandey: The Rising,Mangal Pandey: The Rising,0,2005,150,Biography|Drama|History
tt0346507,Style,Andaaz,0,2003,145,Drama|Musical|Romance
tt0346507,Style,Andaaz,0,2003,145,Drama|Musical|Romance
tt0346723,Chalte Chalte,Chalte Chalte,0,2003,167,Drama|Romance
tt0346733,Chauraha,Chauraha,0,1994,154,Drama
tt0346870,Dilbar,Dilbar,0,1994,138,Drama|Romance
tt0347167,The Hero: Love Story of a Spy,The Hero: Love Story of a Spy,0,2003,160,Action|Adventure|Drama
tt0347278,Jhankaar Beats,Jhankaar Beats,0,2003,143,Comedy|Music
tt0347304,Kal Ho Naa Ho,Kal Ho Naa Ho,0,2003,186,Comedy|Drama|Romance
tt0347332,Khakee,Khakee,0,2004,174,Action|Crime|Drama
tt0347416,LOC: Kargil,LOC: Kargil,0,2003,255,Drama|History|War
tt0347416,LOC: Kargil,LOC: Kargil,0,2003,255,Drama|History|War
tt0347473,I'm Always Here,Main Hoon Na,0,2004,179,Action|Comedy|Drama
tt0347722,Paappi Devataa,Paappi Devataa,0,1995,\N,Action|Drama
tt0347779,Pinjar,Pinjar: Beyond Boundaries...,0,2003,188,Drama
tt0348172,Tehzeeb,Tehzeeb,0,2003,143,Drama
tt0348258,Tujhe Meri Kasam,Tujhe Meri Kasam,0,2003,155,Romance
tt0348521,Aapko Pehle Bhi Kahin Dekha Hai,Aapko Pehle Bhi Kahin Dekha Hai,0,2003,145,Action|Comedy|Drama
tt0348644,Indian Babu,Indian Babu,0,2003,\N,Drama|Romance
tt0348656,Khushi,Khushi,0,2003,161,Action|Drama|Romance
tt0348662,Kucch To Hai,Kucch To Hai,0,2003,143,Horror|Mystery
tt0348824,Chalo Ishq Ladaaye,Chalo Ishq Ladaaye,0,2002,140,Action|Comedy|Romance
tt0348843,Jism,Jism,0,2003,136,Drama|Romance|Thriller
tt0349058,88 Antop Hill,88 Antop Hill,0,2003,119,Mystery|Thriller
tt0349115,Baaz: A Bird in Danger,Baaz: A Bird in Danger,0,2003,180,Mystery|Thriller
tt0349333,Darna Mana Hai,Darna Mana Hai,0,2003,121,Drama|Horror
tt0349618,Insaaf Apne Lahoo Se,Insaaf Apne Lahoo Se,0,1994,140,Action|Drama
tt0349620,Inteqam: The Perfect Game,Inteqam: The Perfect Game,0,2004,127,Action|Thriller
tt0349635,Jaane Jigar,Jaane Jigar,0,1998,175,Comedy|Drama|Family
tt0349679,Khwahish,Khwahish,0,2003,152,Drama|Musical|Romance
tt0349703,Kyun! Ho Gaya Na...,Kyun! Ho Gaya Na...,0,2004,165,Comedy|Drama|Romance
tt0349878,Netaji Subhas Chandra Bose: The Forgotten Hero,Netaji Subhas Chandra Bose: The Forgotten Hero,0,2005,208,Biography|Drama|History
tt0350525,Anokha Premyudh,Anokha Premyudh,0,1994,\N,Comedy|Drama|Family
tt0350604,Beqabu,Beqabu,0,1996,\N,Action|Drama|Family
tt0350613,Bhookamp,Bhookamp,0,1993,\N,Action|Drama|Family
tt0351126,Jeevan Yudh,Jeevan Yudh,0,1997,136,Action|Drama|Family
tt0352314,Ek Hasina Thi,Ek Hasina Thi,0,2004,120,Crime|Drama|Mystery
tt0352489,Kash... Aap Hamare Hote,Kash... Aap Hamare Hote,0,2003,\N,Family|Musical|Romance
tt0352809,Sapnon Ka Mandir,Sapnon Ka Mandir,0,1991,\N,Action|Crime|Drama
tt0352830,Sssshhh...,Sssshhh...,0,2003,163,Horror|Mystery
tt0353351,Dhund: The Fog,Dhund: The Fog,0,2003,153,Adventure|Horror|Mystery
tt0353555,Insaniyat Ke Devta,Insaniyat Ke Devta,0,1993,\N,Action|Crime|Drama
tt0354538,Ek Aur Ek Gyarah: By Hook or by Crook,Ek Aur Ek Gyarah: By Hook or by Crook,0,2003,144,Action|Comedy|Crime
tt0354662,Jallad No. 1,Jallad No. 1,0,2000,\N,Action
tt0357208,Stumped,Stumped,0,2003,121,Comedy|Drama|Sport
tt0357283,Silent Waters,Khamosh Pani: Silent Waters,0,2003,99,Drama
tt0357328,Yeh Dil,Yeh Dil,0,2003,147,Drama|Romance
tt0358261,Vishnu-Devaa,Vishnu-Devaa,0,1991,152,Action|Crime|Drama
tt0358613,Om,Om,0,2003,\N,Action|Romance
tt0358960,Aurat Aurat Aurat,Aurat Aurat Aurat,0,1996,\N,Crime|Drama
tt0358992,Bedardi,Bedardi,0,1993,146,Action|Crime
tt0359059,Chahoonga Main Tujhe,Chahoonga Main Tujhe,0,1993,\N,Drama|Romance
tt0359151,Deshwasi,Deshwasi,0,1991,145,Action|Crime|Drama
tt0359157,Dil Hai Betaab,Dil Hai Betaab,0,1993,157,Action|Drama|Romance
tt0359168,Do Matwale,Do Matwale,0,1991,\N,Action
tt0359368,Hahakaar,Hahakaar,0,1996,\N,Action|Crime|Drama
tt0359444,Hum Se Na Takrana,Hum Se Na Takrana,0,1990,145,Action|Crime|Drama
tt0359582,Lakshmanrekha,Lakshmanrekha,0,1991,133,Drama
tt0359876,Ranbhoomi,Ranbhoomi,0,1991,\N,Action|Drama
tt0359962,Shankara,Shankara,0,1991,\N,Action
tt0359967,Sher Dil,Sher Dil,0,1990,\N,Action|Drama
tt0359971,Sheshnaag,Sheshnaag,0,1990,145,Fantasy|Thriller
tt0360145,Veeru Dada,Veeru Dada,0,1990,\N,Action|Adventure|Drama
tt0360224,Yugandhar,Yugandhar,0,1993,\N,Action|Crime|Drama
tt0360227,Zakhmo Ka Hisaab,Zakhmo Ka Hisaab,0,1993,131,Action|Crime|Drama
tt0360693,Jeene Do,Jeene Do,0,1990,125,Action|Drama
tt0360791,Meri Aan,Meri Aan,0,1993,\N,Drama|Family|Romance
tt0360911,Qurbani Rang Layegi,Qurbani Rang Layegi,0,1991,\N,Drama|Family
tt0361625,Flavors,Flavors,0,2003,118,Comedy
tt0361721,Hum Sab Chor Hain,Hum Sab Chor Hain,0,1995,143,Action|Crime|Drama
tt0361764,Janata Ki Adalat,Janata Ki Adalat,0,1994,\N,Musical
tt0361796,Khatarnaak,Khatarnaak,0,1990,223,Action|Crime|Drama
tt0362056,Pyar Ka Rog,Pyar Ka Rog,0,1994,\N,Comedy|Drama|Romance
tt0362223,Tejaa,Tejaa,0,1990,\N,Action|Drama
tt0362696,Haasil,Haasil,0,2003,160,Crime|Drama|Romance
tt0362771,Ishq Vishk,Ishq Vishk,0,2003,134,Comedy|Romance
tt0362902,Nayee Padosan,Nayee Padosan,0,2003,136,Comedy
tt0362986,Prem Yog,Prem Yog,0,1994,148,Drama|Family
tt0363170,Vaade Iraade,Vaade Iraade,0,1994,\N,Drama|Family|Romance
tt0363405,Aag Aur Chingari,Aag Aur Chingari,0,1994,133,Action
tt0363406,Aag Ka Toofaan,Aag Ka Toofaan,0,1993,137,Action
tt0363409,Aan: Men at Work,Aan: Men at Work,0,2004,149,Action|Crime|Drama
tt0363413,Agni Pankh,Agni Pankh,0,2004,\N,Drama|Romance
tt0363455,Baali Umar Ko Salaam,Baali Umar Ko Salaam,0,1994,\N,Action|Comedy|Drama
tt0363472,Bewafaa,Bewafaa,0,2005,149,Drama|Romance
tt0363568,Din Dahade,Din Dahade,0,1990,\N,Action|Crime|Drama
tt0363583,Dushman Devta,Dushman Devta,0,1991,\N,Action
tt0363658,Hafta Bandh,Hafta Bandh,0,1991,\N,Action
tt0363698,Insaaf Ki Devi,Insaaf Ki Devi,0,1992,\N,Action
tt0363721,Joggers' Park,Joggers' Park,0,2003,133,Comedy|Romance
tt0363747,Kohraam,Kohraam,0,1991,135,Action
tt0363784,Madam X,Madam X,0,1994,119,Action|Crime|Drama
tt0363810,Mera Pati Sirf Mera Hai,Mera Pati Sirf Mera Hai,0,1990,142,Drama|Family
tt0363833,Mumbai Se Aaya Mera Dost,Mumbai Se Aaya Mera Dost,0,2003,146,Action|Comedy|Drama
tt0363846,Nishana,Nishana,0,1995,\N,Drama|Family
tt0363851,Numbri Aadmi,Numbri Aadmi,0,1991,125,Action|Crime|Drama
tt0363887,Phool Bane Angaarey,Phool Bane Angaarey,0,1991,\N,Action|Drama
tt0363896,Police Wala,Police Wala,0,1993,155,Romance
tt0363915,Pyar Ke Naam Qurbaan,Pyar Ke Naam Qurbaan,0,1990,134,Action|Drama|Romance
tt0363921,Raeeszada,Raeeszada,0,1990,149,Drama
tt0363967,Rupaye Dus Karod,Rupaye Dus Karod,0,1991,\N,Action|Drama
tt0364039,Swarg Jaisaa Ghar,Swarg Jaisaa Ghar,0,1991,\N,Drama|Family
tt0364112,Waqt Ka Badshah,Waqt Ka Badshah,0,1992,\N,Action
tt0364303,Dev,Dev,0,2004,172,Drama
tt0364519,Millitary Raaj,Millitary Raaj,0,1998,\N,Action
tt0364604,Plan,Plan,0,2004,149,Action|Crime|Thriller
tt0364621,Qayamat: City Under Threat,Qayamat: City Under Threat,0,2003,156,Action|Drama|Romance
tt0364720,Tyagi,Tyagi,0,1992,145,Drama
tt0366276,Calcutta Mail,Calcutta Mail,0,2003,128,Drama|Mystery|Thriller
tt0366630,Janasheen,Janasheen,0,2003,162,Action|Drama|Musical
tt0366658,Kaise Kahoon Ke... Pyaar Hai,Kaise Kahoon Ke... Pyaar Hai,0,2003,\N,Crime|Romance
tt0366761,Meenaxi: Tale of 3 Cities,Meenaxi: Tale of 3 Cities,0,2004,\N,Drama|Musical|Romance
tt0366880,Parwana,Parwana,0,2003,112,Action|Drama|Romance
tt0366985,Rudraksh,Rudraksh,0,2004,143,Action|Fantasy|Sci-Fi
tt0367110,Swades,Swades: We the People,0,2004,210,Drama
tt0367919,Kabhie Tum Kabhie Hum,Kabhie Tum Kabhie Hum,0,2002,\N,Comedy|Drama|Family
tt0368580,Asambhav,Asambhav,0,2004,139,Action|Adventure|Drama
tt0368811,Jajantaram Mamantaram,Jajantaram Mamantaram,0,2003,122,Action|Comedy|Family
tt0368825,Kaun Rokega Mujhe,Kaun Rokega Mujhe,0,1997,123,Action|Thriller
tt0369516,Hawa,Hawa,0,2003,129,Horror|Thriller
tt0369637,Kuch Naa Kaho,Kuch Naa Kaho,0,2003,169,Drama|Romance
tt0370090,Zimmedaaar,Zimmedaaar,0,1990,\N,Drama|Romance
tt0371631,Dharam Sankat,Dharam Sankat,0,1991,155,Action|Drama
tt0371735,Hungama,Hungama,0,2003,153,Comedy|Drama|Romance
tt0371775,Khel,Khel,0,2003,174,Action|Crime|Drama
tt0371922,Saaya,Saaya,0,2003,135,Drama|Fantasy|Mystery
tt0373856,Gangaajal,Gangaajal,0,2003,157,Action|Crime|Drama
tt0374271,In Your Name,Tere Naam,0,2003,132,Action|Drama|Romance
tt0374660,Footpath,Footpath,0,2003,164,Action|Crime|Drama
tt0374848,Main Madhuri Dixit Banna Chahti Hoon!,Main Madhuri Dixit Banna Chahti Hoon!,0,2003,\N,Comedy|Drama
tt0374887,Munna Bhai M.B.B.S.,Munna Bhai M.B.B.S.,0,2003,156,Comedy|Drama|Musical
tt0375021,Rules: Pyaar Ka Superhit Formula,Rules: Pyaar Ka Superhit Formula,0,2003,\N,Comedy|Romance
tt0375611,Black,Black,0,2005,122,Drama
tt0375733,Encounter: The Killing,Encounter: The Killing,0,2002,\N,Crime|Drama
tt0375791,Gundaraj,Gundaraj,0,1995,140,Action
tt0376080,Platform,Platform,0,1993,150,Action|Crime|Drama
tt0376158,Sar Utha Ke Jiyo,Sar Utha Ke Jiyo,0,1998,\N,Action|Romance
tt0376182,Shaktiman,Shaktiman,0,1993,155,Action|Drama|Romance
tt0376620,Ghar Parivaar,Ghar Parivaar,0,1991,\N,Drama
tt0376884,Shiv Ram,Shiv Ram,0,1991,\N,Action|Crime|Drama
tt0377126,Basti,Basti,0,2003,\N,Action|Crime
tt0377131,Raghu Romeo,Raghu Romeo,0,2003,100,Comedy
tt0377340,Aetbaar,Aetbaar,0,2004,152,Action|Drama|Musical
tt0378025,Hawayein,Hawayein,0,2003,176,Drama|Romance
tt0378072,Hum Tum,Hum Tum,0,2004,142,Comedy|Drama|Romance
tt0378156,Kaaranama,Kaaranama,0,1990,138,Drama
tt0378157,Kagaar: Life on the Edge,Kagaar: Life on the Edge,0,2003,150,Crime|Drama
tt0378281,Maahir,Maahir,0,1996,\N,Family
tt0378343,Meera Ka Mohan,Meera Ka Mohan,0,1992,152,Romance
tt0379370,Maqbool,Maqbool,0,2003,132,Crime|Drama|Thriller
tt0379375,Matrubhoomi: A Nation Without Women,Matrubhoomi: A Nation Without Women,0,2003,99,Drama
tt0379818,I Proud to Be an Indian,I Proud to Be an Indian,0,2004,129,Action|Crime|Drama
tt0380337,Ek Din 24 Ghante,Ek Din 24 Ghante,0,2003,95,Thriller
tt0381408,Market,Market,0,2003,160,Drama|Musical
tt0382188,Mumbai Matinee,Mumbai Matinee,0,2003,125,Comedy|Romance
tt0382383,Yuva,Yuva,0,2004,161,Action|Drama|Thriller
tt0382385,Zameen,Zameen,0,2003,154,Action|Adventure|Thriller
tt0382604,Chor Pe Mor,Chor Pe Mor,0,1990,142,Comedy|Crime
tt0383719,Xcuse Me,Xcuse Me,0,2003,152,Comedy
tt0383975,Chameli,Chameli,0,2003,108,Drama
tt0384220,Jai Shiv Shankar,Jai Shiv Shankar,0,1990,90,Drama
tt0384491,Samay: When Time Strikes,Samay: When Time Strikes,0,2003,136,Crime|Mystery|Thriller
tt0385351,Yeh Lamhe Judaai Ke,Yeh Lamhe Judaai Ke,0,2004,135,Drama|Mystery|Romance
tt0385782,Inteha,Inteha,0,2003,155,Drama|Thriller
tt0385793,Jazbaat,Jazbaat,0,1994,\N,Romance
tt0385982,Raja Bhaiya,Raja Bhaiya,0,2003,\N,Comedy|Drama
tt0386499,The Pink Mirror,Gulabi Aaina,0,2003,40,Comedy|Short
tt0387164,Dhoop,Dhoop,0,2003,126,Drama
tt0387678,Waisa Bhi Hota Hai Part II,Waisa Bhi Hota Hai Part II,0,2003,137,Comedy|Crime|Drama
tt0387989,Deewaar: Let's Bring Our Heroes Home,Deewaar: Let's Bring Our Heroes Home,0,2004,163,Action|Drama|Thriller
tt0388315,Out of Control,Out of Control,0,2003,124,Comedy|Drama|Romance
tt0388554,Yuhi Kabhi,Yuhi Kabhi,0,1994,\N,Comedy|Drama
tt0389551,Zamaanat,Zamaanat,0,1977,127,Action|Crime|Thriller
tt0389726,Aanch,Aanch,0,2003,160,Drama
tt0390614,Waqt: The Race Against Time,Waqt: The Race Against Time,0,2005,153,Comedy|Drama|Family
tt0390667,Zulm Ki Hukumat,Zulm Ki Hukumat,0,1992,\N,Action|Crime|Drama
tt0391079,Dil Pardesi Ho Gayaa,Dil Pardesi Ho Gayaa,0,2003,150,Drama|Romance
tt0391165,Fun2shh... Dudes in the 10th Century,Fun2shh... Dudes in the 10th Century,0,2003,130,Comedy
tt0391187,Ghaav: The Wound,Ghaav: The Wound,0,2002,\N,Action|Crime|Drama
tt0391274,Kismat,Kismat,0,2004,143,Action|Drama
tt0391547,Zakhmi Rooh,Zakhmi Rooh,0,1993,125,Horror
tt0392033,Ganges: River to Heaven,Ganges: River to Heaven,0,2003,79,Documentary
tt0392360,Love,Love,0,1991,152,Drama|Musical|Romance
tt0392950,Ishq Hai Tumse,Ishq Hai Tumse,0,2004,148,Romance
tt0395463,Badmaash,Badmaash,0,1998,\N,Action
tt0395464,Bahaar Aane Tak,Bahaar Aane Tak,0,1990,145,Family
tt0395519,Doodh Ka Karz,Doodh Ka Karz,0,1990,168,Action|Drama|Fantasy
tt0395609,Iraada,Iraada,0,1991,\N,Drama
tt0395614,Juaari,Juaari,0,1994,184,Action|Drama
tt0395668,Miss 420,Miss 420,0,1998,135,Action|Romance|Thriller
tt0395746,Sanjay,Sanjay,0,1995,\N,Crime
tt0395748,Sauda,Sauda,0,1995,\N,Romance
tt0395779,Swarg Yahan Narak Yahan,Swarg Yahan Narak Yahan,0,1991,\N,Action|Comedy|Crime
tt0395802,Veergati,Veergati,0,1995,166,Action|Drama
tt0395827,Zulm-O-Sitam,Zulm-O-Sitam,0,1998,130,Action
tt0396044,Hadh: Life on the Edge of Death,Hadh: Life on the Edge of Death,0,2001,\N,Action|Crime|Drama
tt0396057,Hum Pyar Tumhi Se Kar Baithe,Hum Pyar Tumhi Se Kar Baithe,0,2002,138,Musical|Romance
tt0396255,Tirchhi Topiwale,Tirchhi Topiwale,0,1998,144,Comedy|Drama|Musical
tt0396563,Dil Ne Jise Apna Kaha,Dil Ne Jise Apna Kaha,0,2004,135,Romance
tt0396690,Kisna: The Warrior Poet,Kisna: The Warrior Poet,0,2005,170,Drama|History|Musical
tt0396768,Nyay Anyay,Nyay Anyay,0,1990,155,Drama
tt0396782,Paisa Vasool,Paisa Vasool,0,2004,139,Comedy
tt0396805,Phoolan Hasina Ramkali,Phoolan Hasina Ramkali,0,1993,117,Action
tt0397551,My Faraway Bride,My Bollywood Bride,0,2006,95,Comedy|Drama|Romance
tt0397882,Ab Tumhare Hawale Watan Saathiyo,Ab Tumhare Hawale Watan Saathiyo,0,2004,193,Action|Drama|War
tt0397941,The Bypass,The Bypass,0,2003,17,Crime|Short
tt0398113,Hum Hain Khalnayak,Hum Hain Khalnayak,0,1996,\N,Action
tt0398128,Ishq Mein Jeena Ishq Mein Marna,Ishq Mein Jeena Ishq Mein Marna,0,1994,134,Romance
tt0398134,Jeena Teri Gali Mein,Jeena Teri Gali Mein,0,1991,144,Romance
tt0398170,Madhosh,Madhosh,0,1994,\N,Romance
tt0399530,Pyaar Ka Saaya,Pyaar Ka Saaya,0,1991,\N,Drama
tt0399911,Yaara Dildara,Yaara Dildara,0,1991,\N,Drama|Family|Romance
tt0399942,Paap,Paap,0,2003,120,Drama|Romance|Thriller
tt0400234,Black Friday,Black Friday,0,2004,143,Action|Crime|Drama
tt0400365,Dilwale Kabhi Na Hare,Dilwale Kabhi Na Hare,0,1992,\N,Romance
tt0400565,Kalyug Ke Avtaar,Kalyug Ke Avtaar,0,1995,\N,Action|Romance
tt0400571,Kaun Hai Jo Sapno Mein Aaya,Kaun Hai Jo Sapno Mein Aaya,0,2004,127,Musical
tt0400577,Khudai,Khudai,0,1994,\N,Drama
tt0400584,Krishna Arjun,Krishna Arjun,0,1997,130,Drama
tt0400617,Mafia,Mafia,0,1996,128,Action
tt0402178,Final Solution,Final Solution,0,2004,218,Documentary
tt0402606,Suno Sasurjee,Suno Sasurjee,0,2004,169,Action|Comedy|Musical
tt0402739,Aag Andhi Aur Toofan,Aag Andhi Aur Toofan,0,1994,\N,Action|Thriller
tt0402741,Aag Laga Do Sawan Ko,Aag Laga Do Sawan Ko,0,1991,\N,Drama|Romance
tt0402796,Anjaane,Anjaane,0,2000,\N,Drama
tt0403276,Mashooq,Mashooq,0,1992,\N,Drama|Romance
tt0404097,Hasina Aur Nagina,Hasina Aur Nagina,0,1996,\N,Horror
tt0404537,Vansh,Vansh,0,1992,135,Action|Crime|Drama
tt0404797,Ayee Milan Ki Raat,Ayee Milan Ki Raat,0,1991,152,Romance
tt0404806,Balmaa,Balmaa,0,1993,\N,Romance
tt0404843,C.I.D.,C.I.D.,0,1990,\N,Action|Drama
tt0405046,Insaaf: The Justice,Insaaf: The Justice,0,2004,\N,Drama
tt0405266,Raincoat,Raincoat,0,2004,117,Drama|Romance
tt0405499,Zordaar,Zordaar,0,1996,\N,Action
tt0405507,Murder,Murder,0,2004,130,Drama|Thriller
tt0405508,Rang De Basanti,Rang De Basanti,0,2006,167,Comedy|Drama
tt0405722,Mouth Organ,Baaja,0,2001,\N,Family
tt0405873,Dil Ka Doctor,Dil Ka Doctor,0,1995,\N,Comedy
tt0406977,Masti,Masti,0,2004,166,Comedy|Crime|Mystery
tt0407274,Umar 55 Ki Dil Bachpan Ka,Umar 55 Ki Dil Bachpan Ka,0,1992,151,Comedy|Drama|Romance
tt0408837,Hawas,Hawas,0,2004,123,Drama|Romance|Thriller
tt0408976,Krishna Cottage,Krishna Cottage,0,2004,124,Horror|Mystery
tt0409068,Muskaan,Muskaan,0,2004,127,Romance
tt0409527,Shabd,Shabd,0,2005,140,Drama
tt0409724,Bardaasht,Bardaasht,0,2004,155,Action|Crime|Drama
tt0410521,Right Here Right Now,Right Here Right Now,0,2003,28,Comedy|Drama|Short
tt0410591,Shart: The Challenge,Shart: The Challenge,0,2004,136,Drama|Romance
tt0410809,Trishakti,Trishakti,0,1999,\N,Action|Crime|Drama
tt0410952,Charas: A Joint Effort,Charas: A Joint Effort,0,2004,140,Action|Thriller
tt0410954,Sheen,Sheen,0,2004,\N,Action|Drama
tt0411469,Hazaaron Khwaishein Aisi,Hazaaron Khwaishein Aisi,0,2003,120,Drama
tt0411815,Run,Run,0,2004,137,Action|Comedy|Drama
tt0412308,Being Cyrus,Being Cyrus,0,2005,90,Drama|Thriller
tt0414040,Gayab,Gayab,0,2004,138,Drama|Fantasy|Thriller
tt0414503,Shaadi Ka Laddoo,Shaadi Ka Laddoo,0,2004,\N,Comedy
tt0414714,Girlfriend,Girlfriend,0,2004,126,Drama
tt0415003,Garv: Pride and Honour,Garv: Pride and Honour,0,2004,162,Action|Crime|Drama
tt0415768,Dus,Dus,0,2005,152,Action|Crime|Drama
tt0415908,Kaal,Kaal,0,2005,126,Adventure|Horror|Mystery
tt0415943,Nothing But Life,Nothing But Life,0,2004,120,Comedy|Drama
tt0416120,Police Force: An Inside Story,Police Force: An Inside Story,0,2004,138,Action|Crime|Drama
tt0416282,Vaastu Shastra,Vaastu Shastra,0,2004,106,Horror|Mystery
tt0416712,Elaan,Elaan,0,2005,159,Action|Thriller
tt0416890,Khule-Aam,Khule-Aam,0,1992,155,Action
tt0418096,Rakht,Rakht,0,2004,162,Horror|Thriller
tt0418362,Mujhse Shaadi Karogi,Mujhse Shaadi Karogi,0,2004,163,Comedy|Drama|Musical
tt0418460,Aitraaz,Aitraaz,0,2004,160,Drama|Romance|Thriller
tt0418880,Mere Jeevan Saathi,Mere Jeevan Saathi,0,2006,129,Drama|Music|Romance
tt0419058,Phir Hera Pheri,Phir Hera Pheri,0,2006,153,Comedy|Crime
tt0419468,Baabul,Baabul,0,2006,169,Drama|Family|Romance
tt0419499,Bhagmati,Bhagmati,0,2005,160,Animation|Drama|History
tt0419828,Hyderabad Blues 2,Hyderabad Blues 2,0,2004,\N,Comedy|Drama
tt0419974,Morning Raga,Morning Raga,0,2004,110,Drama|Music
tt0419992,My Brother... Nikhil,My Brother... Nikhil,0,2005,120,Drama|Sport
tt0420123,Revati,Revati,0,2005,145,Drama
tt0420250,Thoda Tum Badlo Thoda Hum,Thoda Tum Badlo Thoda Hum,0,2004,\N,Drama|Romance
tt0420304,Viruddh... Family Comes First,Viruddh... Family Comes First,0,2005,132,Drama|Family
tt0420332,Veer-Zaara,Veer-Zaara,0,2004,192,Drama|Family|Musical
tt0420707,Kaalia,Kaalia,0,1997,\N,Action
tt0421277,Julie,Julie,0,2004,144,Drama
tt0422091,Dhoom,Dhoom,0,2004,129,Action|Crime|Thriller
tt0422236,Fida,Fida,0,2004,122,Action|Crime|Drama
tt0422950,Phir Milenge,Phir Milenge,0,2004,142,Drama
tt0423087,Rok Sako To Rok Lo,Rok Sako To Rok Lo,0,2004,\N,Adventure|Musical|Romance
tt0426075,Lakeer - Forbidden Lines,Lakeer - Forbidden Lines,0,2004,170,Action|Drama|Romance
tt0426863,Aaj Ka Andha Kanoon,Aaj Ka Andha Kanoon,0,2003,46,Action
tt0430030,Dobara,Dobara,0,2004,135,Drama|Musical
tt0430202,Sandwich,Sandwich,0,2006,152,Comedy|Thriller
tt0430328,Madhoshi,Madhoshi,0,2004,122,Drama|Musical|Mystery
tt0430381,Musafir,Musafir,0,2004,151,Action|Crime|Drama
tt0430480,Popcorn Khao! Mast Ho Jao,Popcorn Khao! Mast Ho Jao,0,2004,\N,Comedy|Drama|Romance
tt0430589,Shaadi Karke Phas Gaya Yaar,Shaadi Karke Phas Gaya Yaar,0,2006,152,Comedy|Drama|Romance
tt0430702,Tumsa Nahin Dekha,Tumsa Nahin Dekha,0,2004,128,Musical|Romance
tt0432047,Sarkar,Sarkar,0,2005,124,Action|Crime|Drama
tt0432506,Dil Bechara Pyaar Ka Maara,Dil Bechara Pyaar Ka Maara,0,2004,\N,Comedy|Romance
tt0432536,Hatya: The Murder,Hatya: The Murder,0,2004,131,Action|Crime|Drama
tt0432637,Krrish,Krrish,0,2006,185,Action|Sci-Fi
tt0433416,The Namesake,The Namesake,0,2006,122,Drama
tt0433605,Naach,Naach,0,2004,150,Drama|Musical|Romance
tt0435259,Padmashree Laloo Prasad Yadav,Padmashree Laloo Prasad Yadav,0,2005,\N,Comedy
tt0435390,Shukriya: Till Death Do Us Apart,Shukriya: Till Death Do Us Apart,0,2004,144,Drama|Family|Musical
tt0435437,Taarzan: The Wonder Car,Taarzan: The Wonder Car,0,2004,163,Action|Fantasy|Thriller
tt0436451,Jo Bole So Nihaal,Jo Bole So Nihaal,0,2005,125,Action|Comedy
tt0437058,Aaj Ka Ravan,Aaj Ka Ravan,0,2000,128,Action|Crime
tt0437182,Family: Ties of Blood,Family: Ties of Blood,0,2006,150,Action|Crime|Drama
tt0437238,Hulchul,Hulchul,0,2004,149,Action|Comedy|Drama
tt0437279,Khamoshh... Khauff Ki Raat,Khamoshh... Khauff Ki Raat,0,2005,123,Mystery|Thriller
tt0437280,Khooni Raat,Khooni Raat,0,1991,\N,Horror
tt0437407,Parineeta,Parineeta,0,2005,130,Drama|Musical|Romance
tt0438875,Insan,Insan,0,2005,141,Action|Crime|Drama
tt0438894,Kisse Pyaar Karoon?,Kisse Pyaar Karoon?,0,2009,123,Action|Comedy|Crime
tt0438981,Silsiilay,Silsiilay,0,2005,134,Drama
tt0439464,Bewafa Sanam,Bewafa Sanam,0,1995,144,Drama|Romance
tt0439639,Jaan Pechaan,Jaan Pechaan,0,1991,\N,Comedy|Drama
tt0439641,Jahan Tum Le Chalo,Jahan Tum Le Chalo,0,1999,173,Romance
tt0439662,Fanaa,Fanaa,0,2006,168,Drama|Romance
tt0439754,Pyaar Mein Twist,Pyaar Mein Twist,0,2005,123,Comedy|Drama|Musical
tt0440005,Aawaz De Kahan Hai,Aawaz De Kahan Hai,0,1990,\N,Drama|Romance
tt0440199,Cheetah,Cheetah,0,1994,\N,Action|Drama
tt0440463,Let the Wind Blow,Hava Aney Dey,0,2004,93,Drama
tt0440590,Loha,Loha,0,1997,160,Action
tt0440604,Maha Shaktishaali,Maha Shaktishaali,0,1994,\N,Action|Crime|Drama
tt0440715,Phool Bane Patthar,Phool Bane Patthar,0,1998,\N,Action|Romance
tt0441048,Dhoom 2,Dhoom:2,0,2006,152,Action|Crime|Thriller
tt0442601,Hanste Khelte,Hanste Khelte,0,1994,\N,Comedy|Drama|Fantasy
tt0442606,Mulaqaat,Mulaqaat,0,2002,\N,Drama|Thriller
tt0442764,Dil Jo Bhi Kahey...,Dil Jo Bhi Kahey...,0,2005,144,Drama|Romance
tt0442799,Kis Kis Ki Kismat,Kis Kis Ki Kismat,0,2004,142,Comedy
tt0442855,Vaada,Vaada,0,2005,122,Crime|Drama|Mystery
tt0443208,Rog,Rog,0,2005,115,Mystery|Romance|Thriller
tt0443594,Naina,Naina,0,2005,104,Drama|Horror|Mystery
tt0443708,Page 3,Page 3,0,2005,139,Drama
tt0444767,A Sublime Love Story: Barsaat,A Sublime Love Story: Barsaat,0,2005,143,Drama|Romance
tt0444769,Blackmail,Blackmail,0,2005,126,Action|Drama|Thriller
tt0444781,Deewane Huye Paagal,Deewane Huye Paagal,0,2005,158,Action|Comedy|Drama
tt0444820,Fareb,Fareb,0,2005,129,Drama|Thriller
tt0444840,Humko Deewana Kar Gaye,Humko Deewana Kar Gaye,0,2006,155,Drama|Romance
tt0444849,Karam,Karam,0,2005,117,Action|Thriller
tt0444874,Main Aisa Hi Hoon,Main Aisa Hi Hoon,0,2005,162,Drama|Family|Musical
tt0444913,Tango Charlie,Tango Charlie,0,2005,142,Action|Adventure|Drama
tt0444915,Tathastu,Tathastu,0,2006,113,Crime|Drama|Thriller
tt0444983,Woh Chokri,Woh Chokri,0,1994,129,Drama
tt0445022,Jurm,Jurm,0,2005,150,Crime|Drama|Mystery
tt0445056,Sheesha,Sheesha,0,2005,\N,Drama|Romance|Thriller
tt0446118,Dand Nayak,Dand Nayak,0,1998,153,Action
tt0446158,Mera Damad,Mera Damad,0,1995,127,Comedy|Drama
tt0446159,Mitti,Mitti,0,2001,155,Action|Crime|Thriller
tt0446889,Aatank,Aatank,0,1996,113,Action|Thriller
tt0447196,Himmatvar,Himmatvar,0,1996,149,Action|Drama
tt0447890,Chaahat Ek Nasha...,Chaahat Ek Nasha...,0,2005,140,Drama|Romance|Thriller
tt0448206,Bunty Aur Babli,Bunty Aur Babli,0,2005,170,Comedy|Drama|Romance
tt0448413,Chor Aur Chand,Chor Aur Chand,0,1993,137,Action|Adventure|Drama
tt0448586,Karan,Karan,0,1994,120,Action
tt0448790,Tahqiqaat,Tahqiqaat,0,1993,139,Crime|Mystery
tt0449189,Banaras,Banaras,0,2006,122,Drama|Musical
tt0449228,Dosti: Friends Forever,Dosti: Friends Forever,0,2005,136,Drama|Romance
tt0449306,Lucky: No Time for Love,Lucky: No Time for Love,0,2005,180,Drama|Musical|Romance
tt0449389,Shaadi No. 1,Shaadi No. 1,0,2005,129,Comedy
tt0449447,Zameer,Zameer,0,2005,137,Drama|Romance
tt0449870,Chehraa,Chehraa,0,2005,136,Thriller
tt0449994,Jodhaa Akbar,Jodhaa Akbar,0,2008,213,Action|Drama|History
tt0449999,Kabhi Alvida Naa Kehna,Kabhi Alvida Naa Kehna,0,2006,193,Drama|Romance
tt0450577,Bhagyawan,Bhagyawan,0,1994,136,Drama
tt0450608,Do Fantoosh,Do Fantoosh,0,1994,\N,Comedy
tt0451631,Apaharan,Apaharan,0,2005,173,Action|Crime|Drama
tt0451639,Bachke Rehna Re Baba,Bachke Rehna Re Baba,0,2005,130,Comedy
tt0451787,Kyon Ki...,Kyon Ki...,0,2005,160,Drama|Romance
tt0451803,Maine Pyaar Kyun Kiya,Maine Pyaar Kyun Kiya,0,2005,145,Comedy|Drama|Romance
tt0451824,My Wife's Murder,My Wife's Murder,0,2005,103,Drama|Mystery|Thriller
tt0451833,No Entry,No Entry,0,2005,158,Comedy|Drama|Musical
tt0451850,Paheli,Paheli,0,2005,140,Drama|Fantasy|Romance
tt0451919,Socha Na Tha,Socha Na Tha,0,2005,137,Comedy|Romance
tt0451983,Zeher,Zeher,0,2005,132,Crime|Drama|Mystery
tt0453367,Game,Game,0,1993,131,Action|Crime|Drama
tt0453582,7 1/2 Phere: More Than a Wedding,7 1/2 Phere: More Than a Wedding,0,2005,136,Comedy|Drama
tt0453671,Garam Masala,Garam Masala,0,2005,146,Comedy|Romance
tt0453729,Iqbal,Iqbal,0,2005,132,Drama|Sport
tt0453748,Kuchh Meetha Ho Jaye,Kuchh Meetha Ho Jaye,0,2005,125,Comedy|Romance
tt0453978,Yakeen,Yakeen,0,2005,116,Drama|Thriller
tt0454396,Aryan: Unbreakable,Aryan: Unbreakable,0,2006,135,Action|Drama|Sport
tt0454429,Chingaari,Chingaari,0,2006,155,Drama
tt0454431,Chocolate: Deep Dark Secrets,Chocolate: Deep Dark Secrets,0,2005,160,Crime|Drama|Mystery
tt0454433,Classic Dance of Love,Classic Dance of Love,0,2005,\N,Drama
tt0454435,'D','D',0,2005,107,Crime|Drama|Thriller
tt0454481,James,James,0,2005,\N,Action|Romance
tt0454504,I Did Not Kill Gandhi,Maine Gandhi Ko Nahin Mara,0,2005,100,Drama
tt0455140,Khooni Panja,Khooni Panja,0,1991,130,Horror
tt0455199,Sher-E-Hindustan,Sher-E-Hindustan,0,1997,\N,Action
tt0456144,Carry On Munna Bhai,Lage Raho Munna Bhai,0,2006,144,Comedy|Drama|Romance
tt0456165,Salaam Namaste,Salaam Namaste,0,2005,158,Comedy|Drama|Romance
tt0456413,Fight Club: Members Only,Fight Club: Members Only,0,2006,140,Action|Crime
tt0456481,Jaan-E-Mann: Let's Fall in Love... Again,Jaan-E-Mann: Let's Fall in Love... Again,0,2006,165,Drama|Musical|Romance
tt0456500,Kyaa Kool Hai Hum,Kyaa Kool Hai Hum,0,2005,172,Comedy|Mystery
tt0457391,Jai Chiranjeeva,Jai Chiranjeeva,0,2005,174,Action|Comedy|Drama
tt0457802,The Blue Umbrella,The Blue Umbrella,0,2005,90,Comedy|Drama|Family
tt0457875,Ek Ajnabee,Ek Ajnabee,0,2005,142,Action|Crime|Drama
tt0457940,Home Delivery: Aapko... Ghar Tak,Home Delivery: Aapko... Ghar Tak,0,2005,151,Comedy|Romance
tt0459133,Shabnam Mausi,Shabnam Mausi,0,2005,150,Drama
tt0459293,Gandhi My Father,Gandhi My Father,0,2007,136,Biography|Drama|History
tt0459605,Eklavya: The Royal Guard,Eklavya,0,2007,105,Action|Drama|Thriller
tt0459652,Don't Stop Dreaming,Don't Stop Dreaming,0,2007,104,Comedy|Drama
tt0461062,Holiday,Holiday,0,2006,\N,Drama|Musical|Romance
tt0461209,Ek Khiladi Ek Haseena,Ek Khiladi Ek Haseena,0,2005,143,Comedy|Crime|Thriller
tt0461323,Pyare Mohan,Pyare Mohan,0,2006,130,Action|Comedy|Crime
tt0461936,Don,Don,0,2006,171,Action|Crime|Thriller
tt0462041,Sultaan,Sultaan,0,2000,120,Action|Drama
tt0464160,Chup Chup Ke,Chup Chup Ke,0,2006,164,Comedy|Drama|Romance
tt0464969,Gunehgar Kaun,Gunehgar Kaun,0,1991,\N,Drama|Thriller
tt0464990,Jaanam,Jaanam,0,1992,127,Romance
tt0465376,Aisa Kyon Hota Hai?,Aisa Kyon Hota Hai?,0,2006,\N,Action|Crime|Drama
tt0466208,Bhairav,Bhairav,0,2001,133,Action
tt0466367,Chand Sa Roshan Chehra,Chand Sa Roshan Chehra,0,2005,120,Romance
tt0466398,Ssukh,Ssukh,0,2005,\N,Comedy|Family|Romance
tt0466460,Khosla Ka Ghosla!,Khosla Ka Ghosla!,0,2006,135,Comedy|Crime|Drama
tt0466546,The Film,The Film,0,2005,144,Crime|Drama|Mystery
tt0466965,Sacred Evil,Sacred Evil,0,2006,109,Drama
tt0470381,Jaan Tere Naam,Jaan Tere Naam,0,1992,150,Drama|Romance
tt0470398,Kasak,Kasak,0,2005,107,Drama
tt0470399,Kaya Taran,Kaya Taran,0,2004,107,Drama
tt0470521,Saawan... The Love Season,Saawan... The Love Season,0,2006,123,Drama|Fantasy|Romance
tt0470611,Yatra,Yatra,0,2006,129,Drama
tt0470614,What If?,Yun Hota Toh Kya Hota,0,2006,115,Drama
tt0470869,Neal 'N' Nikki,Neal 'N' Nikki,0,2005,122,Comedy|Musical|Romance
tt0471646,Darwaza Bandh Rakho,Darwaza Bandh Rakho,0,2006,106,Comedy|Crime|Drama
tt0473310,Ram Gopal Varma's Indian Flames,Ram Gopal Varma Ki Aag,0,2007,171,Action|Adventure|Comedy
tt0473684,Pehchaan: The Face of Truth,Pehchaan: The Face of Truth,0,2005,173,Drama
tt0475627,Shikhar,Shikhar,0,2005,162,Drama
tt0475645,Vaah! Life Ho Toh Aisi!,Vaah! Life Ho Toh Aisi!,0,2005,153,Comedy|Drama|Family
tt0476527,Bluffmaster!,Bluffmaster!,0,2005,137,Comedy|Crime|Drama
tt0476550,God Tussi Great Ho,God Tussi Great Ho,0,2008,152,Comedy|Drama|Fantasy
tt0476649,You Must Be Scared,Darna Zaroori Hai,0,2006,108,Horror
tt0476729,Aksar,Aksar,0,2006,135,Drama|Romance|Thriller
tt0476762,Big Brother,Big Brother,0,2007,128,Action|Crime|Drama
tt0476805,Malamaal Weekly,Malamaal Weekly,0,2006,137,Comedy|Drama|Romance
tt0476819,Nehlle Pe Dehlla,Nehlle Pe Dehlla,0,2007,125,Action|Comedy|Crime
tt0476848,Ramji Londonwaley,Ramji Londonwaley,0,2005,154,Comedy|Drama|Family
tt0476861,Sarhad Paar,Sarhad Paar,0,2006,117,Action|Drama|Romance
tt0476884,Taxi No. 9 2 11: Nau Do Gyarah,Taxi No. 9 2 11: Nau Do Gyarah,0,2006,116,Comedy|Drama|Thriller
tt0476888,Tom Dick and Harry,Tom Dick and Harry,0,2006,137,Comedy|Romance
tt0477252,36 China Town,36 China Town,0,2006,140,Comedy|Mystery|Thriller
tt0477253,Aashiq Banaya Aapne: Love Takes Over,Aashiq Banaya Aapne: Love Takes Over,0,2005,115,Drama|Romance|Thriller
tt0477574,Bengal Tiger,Bengal Tiger,0,2001,121,Action|Crime
tt0477857,Sehar,Sehar,0,2005,125,Action|Crime|Drama
tt0478868,Koi Mere Dil Mein Hai,Koi Mere Dil Mein Hai,0,2005,128,Drama|Romance
tt0479718,Mohabbat Aur Jung,Mohabbat Aur Jung,0,1998,\N,Action
tt0480572,Pyaar Ke Side Effects,Pyaar Ke Side Effects,0,2006,132,Comedy|Drama|Romance
tt0481107,Hasti,Hasti,0,1993,149,Action
tt0481241,Trinetra,Trinetra,0,1991,157,Action
tt0481880,Meri Jung Ka Elaan,Meri Jung Ka Elaan,0,2000,\N,Action
tt0482034,Apmaan Ki Aag,Apmaan Ki Aag,0,1990,\N,Action|Comedy|Crime
tt0482045,Gopalaa,Gopalaa,0,1994,\N,Action
tt0482240,Naamcheen,Naamcheen,0,1991,129,Crime|Drama
tt0482669,Aaj Ka Samson,Aaj Ka Samson,0,1991,123,Action|Romance
tt0482891,Apradhi Kaun,Apradhi Kaun,0,2000,\N,Thriller
tt0483239,Bullet: Ek Dhamaka,Bullet: Ek Dhamaka,0,2005,137,Action|Drama
tt0483288,Mere Do Anmol Ratan,Mere Do Anmol Ratan,0,1998,161,Drama
tt0483701,Karma Confessions and Holi,Karma Confessions and Holi,0,2009,110,Drama
tt0483786,Ram Aur Shyam,Ram Aur Shyam,0,1996,\N,Action|Crime|Drama
tt0485272,Salaam-E-Ishq,Salaam-E-Ishq,0,2007,216,Comedy|Drama|Musical
tt0485466,Jawani Diwani: A Youthful Joyride,Jawani Diwani: A Youthful Joyride,0,2006,111,Romance
tt0485513,Main Meri Patni... Aur Woh!,Main Meri Patni... Aur Woh!,0,2005,129,Comedy|Drama|Romance
tt0485522,Umrao Jaan,Umrao Jaan,0,2006,188,Drama|Romance
tt0486615,London Dreams,London Dreams,0,2009,146,Drama|Music
tt0487149,Chetna: The Excitement,Chetna: The Excitement,0,2005,102,Thriller
tt0488381,Corporate,Corporate,0,2006,142,Drama
tt0488414,Omkara,Omkara,0,2006,155,Action|Crime|Drama
tt0488798,Welcome,Welcome,0,2007,159,Comedy|Romance
tt0488836,Hanuman,Hanuman,0,2005,89,Animation
tt0488840,Koi Aap Sa: But Lovers Have to Be Friends,Koi Aap Sa: But Lovers Have to Be Friends,0,2005,142,Comedy|Drama|Romance
tt0488906,Zinda,Zinda,0,2006,116,Action|Drama|Mystery
tt0489028,Double Cross: Ek Dhoka,Double Cross: Ek Dhoka,0,2005,104,Comedy
tt0489486,Good Boy Bad Boy,Good Boy Bad Boy,0,2007,115,Comedy|Musical|Romance
tt0489530,Nyaydaata,Nyaydaata,0,1999,123,Action
tt0489560,Shaadi Se Pehle,Shaadi Se Pehle,0,2006,122,Comedy|Musical|Romance
tt0489582,Utthaan,Utthaan,0,2006,180,Drama|Romance|Thriller
tt0490170,Love Story 2050,Love Story 2050,0,2008,180,Action|Adventure|Drama
tt0490210,Sarkar Raj,Sarkar Raj,0,2008,125,Crime|Drama
tt0490440,Krishan Avtaar,Krishan Avtaar,0,1993,180,Action
tt0493354,Kafan,Kafan,0,1990,147,Horror
tt0493417,Fool N Final,Fool N Final,0,2007,144,Action|Comedy|Crime
tt0493437,Apna Sapna Money Money,Apna Sapna Money Money,0,2006,134,Comedy|Musical|Romance
tt0494290,Vivah,Vivah,0,2006,160,Drama|Family|Musical
tt0494924,Be-Lagaam,Be-Lagaam,0,2002,\N,Crime|Thriller
tt0494926,Billa No. 786,Billa No. 786,0,2000,140,Action
tt0494953,Gunahon Ka Devta,Gunahon Ka Devta,0,1990,149,Action
tt0495022,Ankahee,Ankahee,0,2006,151,Biography|Drama|Romance
tt0495032,Gangster,Gangster,0,2006,123,Action|Crime|Drama
tt0495034,Golmaal: Fun Unlimited,Golmaal: Fun Unlimited,0,2006,150,Action|Comedy|Drama
tt0495848,Khote Sikkey,Khote Sikkey,0,1998,\N,Crime
tt0497620,Fun: Can Be Dangerous Sometimes,Fun: Can Be Dangerous Sometimes,0,2005,138,Thriller
tt0497887,Bhola in Bollywood,Bhola in Bollywood,0,2004,\N,Comedy
tt0497915,Gunda,Gunda,0,1998,129,Action|Comedy|Crime
tt0499041,Kalyug,Kalyug,0,2005,126,Action|Crime|Drama
tt0499375,Guru,Guru,0,2007,166,Biography|Drama
tt0758053,Saawariya,Saawariya,0,2007,142,Drama|Musical|Romance
tt0770214,Kabul Express,Kabul Express,0,2006,105,Adventure|Comedy|Drama
tt0778824,The Revenge: Geeta Mera Naam,The Revenge: Geeta Mera Naam,0,2000,108,Action
tt0779768,Teesri Aankh: The Hidden Camera,Teesri Aankh: The Hidden Camera,0,2006,111,Action|Crime|Thriller
tt0785004,Just Married: Marriage Was Only the Beginning!,Just Married: Marriage Was Only the Beginning!,0,2007,\N,Comedy|Drama|Romance
tt0785069,Umar,Umar,0,2006,135,Crime|Drama|Musical
tt0795434,Namastey London,Namastey London,0,2007,128,Comedy|Drama|Romance
tt0797833,Devaki,Devaki,0,2005,87,Drama
tt0800956,Life in a Metro,Life in a Metro,0,2007,132,Comedy|Drama|Romance
tt0800981,Anthony Kaun Hai?,Anthony Kaun Hai?,0,2006,127,Mystery|Thriller
tt0805184,Bhagam Bhag,Bhagam Bhag,0,2006,157,Comedy|Mystery|Thriller
tt0806088,Heyy Babyy,Heyy Babyy,0,2007,144,Comedy|Drama
tt0807758,Partner,Partner,0,2007,155,Comedy|Drama|Romance
tt0808164,Bas Ek Pal,Bas Ek Pal,0,2006,150,Drama|Romance
tt0808306,Honeymoon Travels Pvt. Ltd.,Honeymoon Travels Pvt. Ltd.,0,2007,118,Comedy|Drama|Romance
tt0809515,Jeeo Shaan Se,Jeeo Shaan Se,0,1997,\N,Drama|Romance
tt0810058,Aap Ki Khatir,Aap Ki Khatir,0,2006,122,Comedy|Romance
tt0811066,Shootout at Lokhandwala,Shootout at Lokhandwala,0,2007,122,Action|Crime
tt0813539,Mr Prime Minister,Mr Prime Minister,0,2005,\N,Comedy
tt0813540,Naksha,Naksha,0,2006,128,Action|Adventure|Fantasy
tt0813996,Alag: He Is Different.... He Is Alone...,Alag: He Is Different.... He Is Alone...,0,2006,123,Action|Drama|Fantasy
tt0814014,Apne,Apne,0,2007,173,Drama|Sport
tt0814082,Dil Diya Hai,Dil Diya Hai,0,2006,121,Drama|Romance|Thriller
tt0816657,Speed,Speed,0,2007,102,Action|Crime|Thriller
tt0818603,Hitler,Hitler,0,1998,137,Crime
tt0819777,Jigyaasa,Jigyaasa,0,2006,147,Drama
tt0819810,Traffic Signal,Traffic Signal,0,2007,130,Drama
tt0823261,Zindaggi Rocks,Zindaggi Rocks,0,2006,\N,Drama|Romance
tt0823451,Dus Kahaniyaan,Dus Kahaniyaan,0,2007,110,Drama
tt0824309,Desh Devi,Desh Devi,0,2002,150,Drama
tt0824316,Dor,Dor,0,2006,147,Drama
tt0824375,Nishabd,Nishabd,0,2007,110,Drama
tt0827202,Sanshodhan,Sanshodhan,0,1996,165,Drama
tt0827714,Jaane Hoga Kya,Jaane Hoga Kya,0,2006,155,Action|Crime|Sci-Fi
tt0831816,Shiva,Shiva,0,2006,160,Action|Crime|Drama
tt0831840,Ahista Ahista,Ahista Ahista,0,2006,122,Drama|Romance
tt0832297,Ek Alag Mausam,Ek Alag Mausam,0,2003,120,Drama
tt0833476,Jhoom Barabar Jhoom,Jhoom Barabar Jhoom,0,2007,138,Drama|Romance
tt0833484,The Killer,The Killer,0,2006,117,Action|Comedy|Crime
tt0833493,Love Ke Chakkar Mein,Love Ke Chakkar Mein,0,2006,126,Comedy
tt0833537,Souten: The Other Woman,Souten: The Other Woman,0,2006,\N,Thriller
tt0833553,Ta Ra Rum Pum,Ta Ra Rum Pum,0,2007,153,Family|Romance|Sport
tt0833561,Woh Lamhe,Woh Lamhe,0,2006,156,Biography|Drama|Romance
tt0841096,Ei8ht Shani,Ei8ht Shani,0,2006,\N,Horror
tt0845448,Dhamaal,Dhamaal,0,2007,136,Action|Adventure|Comedy
tt0845494,Nanhe Jaisalmer: A Dream Come True,Nanhe Jaisalmer: A Dream Come True,0,2007,108,Comedy|Drama|Family
tt0845529,Risk,Risk,0,2007,155,Action|Crime|Drama
tt0845535,Shakalaka Boom Boom,Shakalaka Boom Boom,0,2007,129,Drama|Musical|Romance
tt0847758,Pyaar Zindagi Hai,Pyaar Zindagi Hai,0,2001,157,Drama|Romance|Thriller
tt0854114,Dreams,Ahlaam,0,2006,110,Drama
tt0857381,I See You,I See You,0,2006,122,Comedy|Drama|Fantasy
tt0857385,Kudiyon Ka Hai Zamaana,Kudiyon Ka Hai Zamaana,0,2006,112,Comedy
tt0860454,MP3: Mera Pehla Pehla Pyaar,MP3: Mera Pehla Pehla Pyaar,0,2007,118,Comedy|Drama|Musical
tt0870221,Yash,Yash,0,1996,132,Musical
tt0871510,Chak de! India,Chak De! India,0,2007,153,Drama|Family|Sport
tt0872190,Cash,Cash,0,2007,137,Action|Crime|Thriller
tt0874854,Anjaane: The Unkown,Anjaane: The Unkown,0,2005,110,Horror
tt0875692,Aggar: Passion Betrayal Terror,Aggar: Passion Betrayal Terror,0,2007,\N,Romance|Thriller
tt0880464,Iqraar: By Chance,Iqraar: By Chance,0,2006,130,Comedy|Romance
tt0882967,Strangers,Strangers,0,2007,100,Drama|Romance|Thriller
tt0885398,Anamika: The Untold Story,Anamika: The Untold Story,0,2008,\N,Drama|Romance|Thriller
tt0886539,Luck by Chance,Luck by Chance,0,2009,156,Drama
tt0887753,Kya Love Story Hai,Kya Love Story Hai,0,2007,120,Comedy|Drama|Romance
tt0892113,Waris Shah: Ishq Daa Waaris,Waris Shah: Ishq Daa Waaris,0,2006,138,Drama|History
tt0892874,Halla Bol,Halla Bol,0,2008,142,Crime|Drama
tt0893395,Blood Brothers,Blood Brothers,0,2007,13,Drama|Short|Thriller
tt0896968,Red: The Dark Side,Red: The Dark Side,0,2007,148,Drama|Romance|Thriller
tt0897413,Bhoot Unkle,Bhoot Unkle,0,2006,105,Family|Fantasy
tt0898943,Raqeeb,Raqeeb,0,2007,124,Crime|Drama|Mystery
tt0920464,Manorama Six Feet Under,Manorama Six Feet Under,0,2007,137,Crime|Drama|Mystery
tt0926029,99.9 FM,99.9 FM,0,2005,90,Crime|Drama
tt0940710,I Love You,I Love You,0,1992,\N,Drama|Romance
tt0940881,Dulhan Banoo Main Teri,Dulhan Banoo Main Teri,0,1999,\N,Action|Drama|Romance
tt0940893,Param Vir Chakra,Param Vir Chakra,0,1995,170,War
tt0946999,Deadline: Sirf 24 Ghante,Deadline: Sirf 24 Ghante,0,2006,102,Crime|Thriller
tt0952685,Suraj,Suraj,0,1997,\N,Action
tt0953306,Anwar,Anwar,0,2007,144,Drama|Romance|Thriller
tt0964516,Fashion,Fashion,0,2008,167,Drama
tt0976026,Cheeni Kum,Cheeni Kum,0,2007,140,Comedy|Romance
tt0976027,Chhoti Bahoo,Chhoti Bahoo,0,1994,\N,Drama|Family
tt0978642,Masoom,Masoom,0,1996,130,Action
tt0978726,Taqdeer Ka Tamasha,Taqdeer Ka Tamasha,0,1990,217,Action|Crime|Drama
tt0979891,Hattrick,Hattrick,0,2007,110,Comedy|Drama|Romance
tt0979913,Life Mein Kabhie Kabhiee,Life Mein Kabhie Kabhiee,0,2007,145,Drama|Thriller
tt0982875,Gauri: The Unborn,Gauri: The Unborn,0,2007,98,Drama|Horror|Thriller
tt0983990,1971,1971,0,2007,160,Action|Drama|War
tt0984122,Swami,Swami,0,2007,140,Drama
tt0985636,Laaga Chunari Mein Daag: Journey of a Woman,Laaga Chunari Mein Daag: Journey of a Woman,0,2007,122,Drama|Family|Romance
tt0986213,Aaja Nachle,Aaja Nachle,0,2007,137,Drama|Family|Music
tt0986264,Like Stars on Earth,Taare Zameen Par,0,2007,165,Drama|Family
tt0991346,Bhoothnath,Bhoothnath,0,2008,150,Comedy|Drama|Family
tt0995031,Bhool Bhulaiyaa,Bhool Bhulaiyaa,0,2007,159,Comedy|Horror|Mystery
tt0995035,Dhol,Dhol,0,2007,145,Comedy|Crime|Mystery
tt0995718,Ek Chalis Ki Last Local,Ek Chalis Ki Last Local,0,2007,143,Adventure|Comedy|Crime
tt0995740,No Smoking,No Smoking,0,2007,128,Drama|Mystery|Thriller
tt0995752,Tashan,Tashan,0,2008,120,Action|Drama|Romance
tt0995823,Khoya Khoya Chand,Khoya Khoya Chand,0,2007,131,Drama|Romance
tt0995827,The Train: Some Lines Should Never Be Crossed...,The Train: Some Lines Should Never Be Crossed...,0,2007,134,Crime|Drama|Thriller
tt0995840,Joy: The Real Love Story,Aap Kaa Surroor: The Moviee - The Real Luv Story,0,2007,127,Drama|Romance|Thriller
tt1002963,Y.M.I. Yeh Mera India,Y.M.I. Yeh Mera India,0,2008,137,Crime|Drama|Thriller
tt1012757,Loins of Punjab Presents,Loins of Punjab Presents,0,2007,88,Comedy|Music
tt1014672,Bheja Fry,Bheja Fry,0,2007,95,Comedy|Drama
tt1016177,Go,Go,0,2007,110,Crime|Drama|Romance
tt1017456,Race,Race,0,2008,149,Action|Crime|Drama
tt1020899,Say Salaam India: 'Let's Bring the Cup Home',Say Salaam India: 'Let's Bring the Cup Home',0,2007,\N,Drama|Sport
tt1020937,Awarapan,Awarapan,0,2007,126,Action|Drama|Romance
tt1020978,Naqaab,Naqaab,0,2007,115,Crime|Drama|Romance
tt1024839,De Taali,De Taali,0,2008,140,Comedy|Drama|Romance
tt1024852,Meerabai Not Out,Meerabai Not Out,0,2008,\N,Comedy|Drama|Romance
tt1024943,Om Shanti Om,Om Shanti Om,0,2007,162,Action|Comedy|Drama
tt1027849,Rangbaaz,Rangbaaz,0,1996,\N,Action
tt1028545,Jaan Ki Kasam,Jaan Ki Kasam,0,1991,\N,Adventure
tt1039969,The Last Lear,The Last Lear,0,2007,130,Drama
tt1039989,Sunday,Sunday,0,2008,135,Action|Comedy|Mystery
tt1039995,U Me Aur Hum,U Me Aur Hum,0,2008,156,Drama|Romance
tt1043451,Delhi-6,Delhi-6,0,2009,141,Comedy|Drama
tt1043876,Woodstock Villa,Woodstock Villa,0,2008,\N,Drama|Mystery|Thriller
tt1047459,Religion,Dharm,0,2007,105,Drama|History
tt1047519,Red Swastik,Red Swastik,0,2007,131,Crime|Drama|Thriller
tt1050739,Roadside Romeo,Roadside Romeo,0,2008,93,Adventure|Animation|Comedy
tt1060249,The Legend of Drona,Drona,0,2008,138,Action|Adventure|Fantasy
tt1068660,Pyar Pyar,Pyar Pyar,0,1993,\N,Action|Drama|Romance
tt1073097,Apna Asmaan,Apna Asmaan,0,2007,110,Drama|Sci-Fi
tt1077248,Johnny Gaddaar,Johnny Gaddaar,0,2007,135,Crime|Drama|Mystery
tt1079967,Hastey Hastey Follow Your Heart,Hastey Hastey Follow Your Heart,0,2008,120,Comedy|Drama
tt1083447,Buddha Mar Gaya,Buddha Mar Gaya,0,2007,93,Comedy
tt1083988,Journey Bombay to Goa: Laughter Unlimited,Journey Bombay to Goa: Laughter Unlimited,0,2007,138,Action|Adventure|Comedy
tt1084972,Wanted,Wanted,0,2009,147,Action|Thriller
tt1085806,Darling,Darling,0,2007,128,Drama|Horror|Romance
tt1087856,Hello,Hello,0,2008,129,Drama|Romance
tt1090650,Dhokha,Dhokha,0,2007,117,Action|Drama|Romance
tt1091229,Chandni Chowk to China,Chandni Chowk to China,0,2009,154,Action|Comedy
tt1092005,Golmaal Returns,Golmaal Returns,0,2008,135,Comedy|Crime
tt1093370,Jab We Met,Jab We Met,0,2007,138,Comedy|Drama|Romance
tt1099196,Dil Dosti Etc,Dil Dosti Etc,0,2007,112,Comedy|Crime|Drama
tt1105733,Kismat Konnection,Kismat Konnection,0,2008,153,Comedy|Drama|Romance
tt1105747,Yuvvraaj,Yuvvraaj,0,2008,151,Comedy|Drama|Romance
tt1107308,Aur Pappu Pass Ho Gaya,Aur Pappu Pass Ho Gaya,0,2007,142,Comedy
tt1108831,Chhodon Naa Yaar,Chhodon Naa Yaar,0,2007,\N,Thriller
tt1114725,Heroes,Heroes,0,2008,139,Action|Adventure|Comedy
tt1119188,Little Zizou,Little Zizou,0,2008,96,Drama|Family
tt1120897,Dhan Dhana Dhan Goal,Dhan Dhana Dhan Goal,0,2007,167,Drama|Sport
tt1126516,Money Hai Toh Honey Hai,Money Hai Toh Honey Hai,0,2008,138,Comedy|Drama
tt1127869,Humne Jeena Seekh Liya,Humne Jeena Seekh Liya,0,2007,149,Drama
tt1127870,Mumbai Salsa,Mumbai Salsa,0,2007,\N,Comedy|Drama
tt1132595,Maan Gaye Mughall-E-Azam,Maan Gaye Mughall-E-Azam,0,2008,\N,Comedy|Crime|Drama
tt1135931,Chintu Ji,Chintu Ji,0,2009,115,Comedy|Drama
tt1137434,Aabra Ka Daabra,Aabra Ka Daabra,0,2004,144,Fantasy
tt1146325,Singh Is King,Singh Is Kinng,0,2008,135,Action|Comedy|Crime
tt1151299,68 Pages,68 Pages,0,2007,92,Drama
tt1152845,Showbiz,Showbiz,0,2007,108,Action|Crime|Drama
tt1156148,Karzzzz,Karzzzz,0,2008,142,Action|Drama|Musical
tt1158700,Desh Drohi,Desh Drohi,0,2008,140,Action|Thriller
tt1159917,Bombay to Bangkok,Bombay to Bangkok,0,2008,120,Comedy|Crime|Romance
tt1166100,Ghajini,Ghajini,0,2008,183,Action|Drama|Mystery
tt1170399,C Kkompany,C Kkompany,0,2008,127,Comedy|Drama|Thriller
tt1170404,Mere Baap Pehle Aap,Mere Baap Pehle Aap,0,2008,163,Comedy|Drama|Romance
tt1170411,Victory,Victory,0,2009,160,Drama|Sport
tt1174041,Main Aurr Mrs Khanna,Main Aurr Mrs Khanna,0,2009,109,Comedy|Drama|Romance
tt1176911,Quick Gun Murugun: Misadventures of an Indian Cowboy,Quick Gun Murugun: Misadventures of an Indian Cowboy,0,2009,97,Action|Comedy|Drama
tt1176960,One Two Three,One Two Three,0,2008,135,Comedy|Crime
tt1176961,Paying Guests,Paying Guests,0,2009,109,Comedy|Drama
tt1179781,Mission Istaanbul: Darr Ke Aagey Jeet Hai!,Mission Istaanbul: Darr Ke Aagey Jeet Hai!,0,2008,130,Action|Adventure|Drama
tt1182908,Krazzy 4,Krazzy 4,0,2008,110,Comedy|Crime|Drama
tt1182937,Rab Ne Bana Di Jodi,Rab Ne Bana Di Jodi,0,2008,167,Comedy|Drama|Music
tt1182972,Bachna Ae Haseeno,Bachna Ae Haseeno,0,2008,152,Comedy|Drama|Romance
tt1183946,The Stoneman Murders,The Stoneman Murders,0,2009,95,Crime|Drama|Mystery
tt1185420,Dostana,Dostana,0,2008,145,Comedy|Drama|Romance
tt1185442,Kurbaan,Kurbaan,0,2009,161,Action|Crime|Drama
tt1187043,3 Idiots,3 Idiots,0,2009,170,Comedy|Drama
tt1191138,Thoda Pyaar Thoda Magic,Thoda Pyaar Thoda Magic,0,2008,145,Comedy|Drama|Family
tt1194608,Ek Vivaah... Aisa Bhi,Ek Vivaah... Aisa Bhi,0,2008,132,Drama|Romance
tt1199534,Tulsi: Mathrudevobhava,Tulsi: Mathrudevobhava,0,2008,134,Drama
tt1201557,Acid Factory,Acid Factory,0,2009,108,Action|Crime|Mystery
tt1202010,Ganga Aur Ranga,Ganga Aur Ranga,0,1994,\N,Action
tt1202517,Barah Aana,Barah Aana,0,2009,97,Comedy|Crime|Drama
tt1202540,Dil Bole Hadippa!,Dil Bole Hadippa!,0,2009,148,Comedy|Drama|Sport
tt1210356,Raat Gayi Baat Gayi?,Raat Gayi Baat Gayi?,0,2009,\N,Comedy|Drama
tt1213928,Tahaan,Tahaan,0,2008,97,Drama
tt1214948,Bhram: An Illusion,Bhram: An Illusion,0,2008,\N,Drama|Mystery|Romance
tt1216300,Jannat: In Search of Heaven...,Jannat: In Search of Heaven...,0,2008,140,Crime|Drama|Romance
tt1218345,Dil Kabaddi,Dil Kabaddi,0,2008,120,Comedy|Drama
tt1220718,Via Darjeeling,Via Darjeeling,0,2008,104,Drama|Mystery|Thriller
tt1221139,Welcome to Sajjanpur,Welcome to Sajjanpur,0,2008,133,Comedy|Drama
tt1223922,Blue,Blue,0,2009,119,Action|Adventure|Thriller
tt1224454,Sirf....: Life Looks Greener on the Other Side,Sirf....: Life Looks Greener on the Other Side,0,2008,135,Drama
tt1227762,Aladin,Aladin,0,2009,132,Action|Adventure|Fantasy
tt1228707,Jimmy,Jimmy,0,2008,\N,Action|Crime|Drama
tt1229366,Life Partner,Life Partner,0,2009,138,Comedy|Drama|Romance
tt1229390,Shortkut - The Con Is On,Shortkut - The Con Is On,0,2009,142,Comedy|Drama
tt1230165,Rock On!!,Rock On!!,0,2008,145,Drama|Music
tt1230448,Billu,Billu,0,2009,137,Comedy|Drama
tt1236441,Phir Kabhi,Phir Kabhi,0,2008,\N,Drama|Romance
tt1236470,Jahan Jaaeyega Hamen Paaeyega,Jahan Jaaeyega Hamen Paaeyega,0,2007,137,Action|Crime|Drama
tt1241334,Saas Bahu Aur Sensex,Saas Bahu Aur Sensex,0,2008,\N,Comedy|Drama
tt1242530,What's Your Raashee?,What's Your Raashee?,0,2009,195,Comedy|Drama|Romance
tt1242782,Luck,Luck,0,2009,141,Action|Adventure|Drama
tt1242843,Contract,Contract,0,2008,\N,Action|Crime|Drama
tt1245774,Jail,Jail,0,2009,131,Drama
tt1252488,Haal-e-Dil,Haal-e-Dil,0,2008,124,Drama|Romance
tt1252544,Ab To Aaja Saajan Mere,Ab To Aaja Saajan Mere,0,1994,127,Drama|Romance
tt1252594,Aasma: The Sky Is the Limit,Aasma: The Sky Is the Limit,0,2009,240,Drama
tt1252596,Ajab Prem Ki Ghazab Kahani,Ajab Prem Ki Ghazab Kahani,0,2009,150,Action|Comedy|Romance
tt1252614,Sankat City,Sankat City,0,2009,120,Comedy|Crime|Drama
tt1255873,Hari Puttar: A Comedy of Terrors,Hari Puttar: A Comedy of Terrors,0,2008,90,Comedy|Drama|Family
tt1255951,De Dana Dan,De Dana Dan,0,2009,162,Comedy|Crime
tt1260689,Summer 2007,Summer 2007,0,2008,\N,Crime|Drama|Thriller
tt1261047,Gulaal,Gulaal,0,2009,140,Crime|Drama|Thriller
tt1263679,Firaaq,Firaaq,0,2008,101,Drama|History
tt1265654,Ghar Bazar,Ghar Bazar,0,1998,130,Action|Crime|Drama
tt1266545,Chamku,Chamku,0,2008,105,Action|Crime|Thriller
tt1266583,Mumbai Meri Jaan,Mumbai Meri Jaan,0,2008,134,Drama
tt1267400,Thodi Life Thoda Magic,Thodi Life Thoda Magic,0,2008,\N,Drama
tt1274295,Kaminey,Kaminey,0,2009,130,Action|Crime|Drama
tt1275863,Love Aaj Kal,Love Aaj Kal,0,2009,128,Comedy|Drama|Romance
tt1278447,Sikandar,Sikandar,0,2009,110,Crime|Drama|Mystery
tt1287847,Mukhbiir,Mukhbiir,0,2008,132,Crime|Drama|Mystery
tt1288638,Dasvidaniya,Dasvidaniya,0,2008,113,Comedy|Drama
tt1292703,Oye Lucky! Lucky Oye!,Oye Lucky! Lucky Oye!,0,2008,125,Comedy|Crime|Drama
tt1297447,Fauji,Fauji,0,1995,\N,Action|Crime|Drama
tt1301698,1920,1920,0,2008,138,Horror|Mystery|Romance
tt1305840,Aloo Chaat,Aloo Chaat,0,2009,\N,Comedy|Drama|Romance
tt1312135,Oh My God!!,Oh My God!!,0,2008,105,Comedy|Drama
tt1324059,Wake Up Sid,Wake Up Sid,0,2009,138,Comedy|Drama|Romance
tt1324076,Fox,Fox,0,2009,145,Crime|Drama|Mystery
tt1326149,Jeevan Ki Shatranj,Jeevan Ki Shatranj,0,1993,\N,Action|Comedy|Crime
tt1327833,Sorry Bhai!,Sorry Bhai!,0,2008,154,Comedy|Drama|Romance
tt1328634,New York,New York,0,2009,153,Crime|Drama|Thriller
tt1340838,Secret: The Mystery Continues,Raaz: The Mystery Continues,0,2009,151,Horror|Mystery|Romance
tt1353093,Familywala,Familywala,0,2014,180,Comedy|Drama|Romance
tt1369669,Jai Veeru: Friends Forever,Jai Veeru: Friends Forever,0,2009,160,Action|Adventure|Crime
tt1370429,99,99,0,2009,135,Comedy|Crime|Drama
tt1372266,Kisaan,Kisaan,0,2009,100,Action|Crime|Drama
tt1372304,Wafaa,Wafaa,0,2008,120,Drama|Mystery|Romance
tt1372681,Aa Dekhen Zara,Aa Dekhen Zara,0,2009,117,Action|Sci-Fi|Thriller
tt1372694,Gumnaam: The Mystery,Gumnaam: The Mystery,0,2008,107,Crime|Mystery|Romance
tt1391544,Dhoondte Reh Jaoge,Dhoondte Reh Jaoge,0,2009,131,Comedy|Drama
tt1404573,Daddy Cool: Join the Fun,Daddy Cool: Join the Fun,0,2009,\N,Comedy|Drama
tt1420539,Ek Se Bure Do,Ek Se Bure Do,0,2009,180,Action|Comedy|Crime
tt1433905,All the Best: Fun Begins,All the Best: Fun Begins,0,2009,144,Action|Comedy|Drama
tt1434447,Rocket Singh: Salesman of the Year,Rocket Singh: Salesman of the Year,0,2009,150,Comedy|Drama
tt1438486,Chal Chala Chal,Chal Chala Chal,0,2009,138,Action|Comedy|Crime
tt1446055,Don Muthu Swami,Don Muthu Swami,0,2008,112,Comedy|Drama
tt1454012,Kaun Kare Kurbanie,Kaun Kare Kurbanie,0,1991,154,Action|Crime|Drama
tt1454461,Ek: The Power of One,Ek: The Power of One,0,2009,140,Action|Drama|Thriller
tt1479667,Aagey Se Right,Aagey Se Right,0,2009,117,Comedy|Crime|Drama
tt1479857,Zor Lagaa Ke... Haiya!,Zor Lagaa Ke... Haiya!,0,2009,\N,Comedy|Drama|Family
tt1483815,Vidhyaarthi: The Power of Students,Vidhyaarthi: The Power of Students,0,2006,250,Action
tt1508950,Baabarr,Baabarr,0,2009,180,Action|Crime|Drama
tt1512321,Vaada Raha... I Promise,Vaada Raha... I Promise,0,2009,101,Drama
tt1522329,Tum Mile,Tum Mile,0,2009,140,Drama|Romance
tt1532957,Paa,Paa,0,2009,133,Comedy|Drama
tt1570417,Accident on Hill Road,Accident on Hill Road,0,2010,105,Crime|Drama|Thriller
tt1571204,Izzat,Izzat,0,1991,156,Action|Drama
tt1579530,Bangaru Bullodu,Bangaru Bullodu,0,1993,\N,Action|Drama|Romance
tt1634329,Fruit & Nut,Fruit & Nut,0,2009,90,Comedy|Crime|Drama
tt1692184,Begunaah,Begunaah,0,1991,\N,Action|Crime|Drama
tt1692213,Mehandi Ban Gai Khoon,Mehandi Ban Gai Khoon,0,1991,\N,Action
tt1849067,Saazish,Saazish,0,1998,140,Drama
tt2008498,Do Numbri,Do Numbri,0,1998,139,Action
tt2008530,Himmatwala,Himmatwala,0,1998,120,Action
tt2008546,Kahani Kismat Ki,Kahani Kismat Ki,0,1999,\N,Action
tt2008624,Sanyasi Mera Naam,Sanyasi Mera Naam,0,1999,\N,Action
tt2008631,Shera,Shera,0,1999,125,Action
tt2009481,Ghar Jamai,Ghar Jamai,0,1992,148,Comedy|Family
tt2011178,Panaah,Panaah,0,1992,156,Action
tt2011180,Pardesi,Pardesi,0,1993,\N,Action
tt2015304,Baaz,Baaz,0,1992,\N,Action|Mystery|Thriller
tt2016931,Laqshya,Laqshya,0,1994,\N,Action
tt2167753,Ganga Ki Kasam,Ganga Ki Kasam,0,1998,\N,Drama
tt2435680,Adharm,Adharm,0,2006,\N,Action
tt2622302,Aulad Ke Khatir,Aulad Ke Khatir,0,1990,\N,Drama
tt2644446,Raat Ke Gunaah,Raat Ke Gunaah,0,1994,\N,Thriller
tt2668860,Chand Ke Paar Chalo,Chand Ke Paar Chalo,0,2006,169,Romance
tt2881776,College Girl,College Girl,0,1990,\N,Romance
tt4063584,Shaheed-E-Azam,Shaheed-E-Azam,0,2002,173,Biography|Drama|History
tt4249442,Sunglass,Sunglass,0,2013,100,Comedy|Drama|Thriller
tt4550894,Saathi: The Companion,Saathi: The Companion,0,2005,\N,Romance
tt5216486,Dharti Kahe Pukar Ke,Dharti Kahe Pukar Ke,0,2006,\N,Action
tt8823390,Bal Ganesh 2,Bal Ganesh 2,0,2009,74,Animation
